totalInvestment,totalNetWorth,NumberOfTrades,totalBuy,totalSell,currentStocksInHandValue,profitPercent,name
129675.74782025814,130545.66629469395,1377,3810,3809,77.6500015258789,0.00730721427783935,FEDERALBNK
1348941.7173686028,1354985.9677329063,1208,3402,3399,6561.900146484375,0.009345215103421175,SUPREMEIND
245523.75841331482,245103.05467128754,1208,3402,3399,808.0500183105466,0.0015776325630825724,ZENSARTECH
14203589.435791016,13989582.14251709,1201,3392,3368,402272.390625,0.013254754947835444,NESTLEIND
2308913.677280426,2342929.900735855,1380,3815,3809,10017.900146484375,0.019071359849961746,PEL
109627.26905632019,108279.16549015045,865,2379,2368,486.200008392334,-0.007862127417719475,CORDSCABLE
247681.47587013245,241451.60322475433,927,2604,2560,1507.0,-0.019068332134190246,AUTOIND
99091.6340751648,90701.89855575562,275,794,765,14134.599822998047,0.05797527063920621,LAURUSLABS
218262.33762550354,217362.80591392517,1061,3001,2974,3157.6499176025395,0.010345890319834608,ASTRAMICRO
6621791.060546875,6847442.4404296875,259,746,744,30382.0,0.03866527613779276,TASTYBITE
3423.449996948242,1373.6999816894531,8,17,7,2195.0,0.04242795567941427,LXCHEM
261789.589758873,258207.78749370575,1209,3402,3401,211.0,-0.012875998118458368,WSTCSTPAPR
341409.53519669175,343133.84792786837,1380,3815,3809,1698.2999267578125,0.010024947475361527,VEDL
1430169.8741607666,1421035.899597168,1208,3402,3399,3754.349853515625,-0.0037615284780346866,VTL
221979.41022849083,228551.75121951103,1209,3402,3401,10.25,0.0296540610872176,BAJAJHIND
144250.7792301178,146722.9685807228,602,1762,1748,1524.6000213623047,0.027707228988977515,MINDACORP
366729.3719968796,374763.7755012512,1208,3402,3399,396.3000183105469,0.02298889635366846,INDIANCARD
96680.25018310547,93333.59942626953,48,115,108,8683.850341796875,0.05520465218959057,ROSSARI
387073.4257411957,387372.10677337646,826,2286,2284,269.10000610351557,0.0014668561583556772,TATAMTRDVR
70551.85285186768,67474.58567810059,241,701,674,2747.25,-0.004677654241909162,STARCEMENT
459981.5631713867,457286.30757141113,301,873,855,9561.60021972656,0.014927434422393604,DBL
987249.1143722534,1002936.9366149902,954,2685,2684,980.9500122070312,0.01688405895967074,TECHM
633874.764717102,639088.4684638977,857,2363,2355,3990.800048828125,0.01452101315270335,NESCO
6792191.615501404,6819323.429588318,1208,3402,3399,15896.8505859375,0.00633501925573623,BLUEDART
409223.4751844406,395529.9522409439,754,2129,2118,507.09998321533203,-0.03222303645786238,MMTC
41753.90879148245,41779.4588149786,990,2799,2798,26.5,0.0012465904391391702,ORIENTABRA
285808.2818392515,279725.10015654564,919,2567,2535,7044.799804687501,0.0033645565334683623,LAOPALA
1989760.565071106,2019375.0363464355,1380,3815,3809,14467.19970703125,0.02215425903808961,HINDUNILVR
8901401.552947998,8850561.108764648,1201,3392,3368,166963.1953125,0.013045445757998913,WABCOINDIA
260382.2579512596,259656.92801380157,1322,3718,3717,222.8999938964844,-0.0019295859384382585,STLTECH
344479.78399658203,334255.0178833008,99,258,244,23707.600341796875,0.03913969659435633,IRCTC
509686.1879386902,509607.2025985718,1380,3815,3809,3091.5,0.005910528343067372,WIPRO
26223.369956970215,25044.424481391907,311,905,884,402.14999198913574,-0.029622260024695982,SETCO
76009325.31463623,75940964.24987793,1208,3402,3399,232338.609375,0.0021573345630674077,MRF
381055.07451820374,384935.6074695587,1348,3744,3735,1298.7000274658203,0.013591822613487802,WELCORP
39301.150097846985,40278.74983501434,631,1821,1820,6.8499999046325675,0.025048878585512985,FCONSUMER
1317395.7361450195,1293702.3067626953,358,1070,1050,39605.0,0.012078049276397709,LUXIND
26852.751998901367,23352.69270324707,40,97,88,2551.0501098632812,-0.03534122632309131,UNIDT
1657700.4371032715,1686613.1145019531,661,1894,1892,2197.89990234375,0.018767309584226927,SYMPHONY
290521.98146629333,291190.1904115677,1380,3815,3809,539.6999816894531,0.004157719566923541,EIHOTEL
2061825.1957321167,2061062.1742858887,990,2799,2798,1829.0,0.0005170072399825646,AIAENG
276293.87250709534,274948.8706436157,1201,3392,3368,3016.799926757813,0.006050796740833497,CASTROLIND
1820758.7180261612,1828135.1795797348,1208,3402,3399,7421.69970703125,0.00812746967189984,SUNDARMFIN
113089.99983787537,117092.19985580444,346,1029,1023,1085.3999633789065,0.044987178252732456,JSLHISAR
145206.33012723923,146758.2277712822,1208,3402,3399,39.75,0.010961282766724175,SAKHTISUG
12937.404715538025,12510.733607769012,623,1790,1789,1.8999999761581419,-0.03283279120755166,VIKASECO
401138.6640110016,392742.8638725281,737,2063,2059,340.0,-0.02008233277222206,ISFT
153931.57742595673,153880.3452603817,1208,3402,3399,377.0999908447266,0.0021169654122881066,BALMLAWRIE
1177848.4859704971,1168639.4216914177,1208,3402,3399,3432.150146484375,-0.0049046326428268325,BBTC
716089.0931425095,714068.642074585,1208,3402,3399,1268.3999633789065,-0.0010502200239432037,LICHSGFIN
202782.2270565033,203651.76848077774,1208,3402,3399,657.1500091552734,0.007528724068132067,CHAMBLFERT
148676.99785614014,139429.9725265503,208,606,574,10529.599609375,0.008626581773101008,NEWGEN
1411613.8671360016,1409299.3686733246,1380,3815,3809,2225.1000366210938,-6.333065163017071e-05,RIIL
540220.6126403809,531457.0320091248,878,2402,2379,17658.25,0.016464883346954003,ADANIPORTS
1490751.9451351166,1477250.4807920456,1208,3402,3399,6825.75,-0.004478085280959282,HEG
666612.2559162974,677763.0732342601,1209,3402,3401,1696.0,0.019271798866499906,AARTIIND
122351.1438164711,120350.71931219101,1209,3402,3401,131.25,-0.015277131426608364,ALEMBICLTD
4849305.100219727,4850796.061431885,1208,3402,3399,8582.400146484375,0.002077279352496535,HEROMOTOCO
624300.8364715576,608927.2753295898,884,2421,2398,25623.151123046875,0.016417709832022724,BAJAJELEC
144752.29180526733,146022.79836893082,1208,3402,3399,63.75,0.009217515985573715,RAJSREESUG
86411.22010803223,84404.86078643799,394,1179,1164,1098.75,-0.010503373525562253,ZENTEC
581764.8518872261,582055.0539574623,1209,3402,3401,575.2000122070312,0.0014875461789001197,CHOLAHLDNG
178319.3511390686,176529.51350021362,703,1984,1960,1893.6000366210938,0.0005818908441697421,ASHOKA
414663.863155365,416832.5959863663,1188,3361,3339,760.0999832153321,0.007063149395102335,UNIONBANK
25251.936334967613,25109.969878196716,1208,3402,3399,8.85000014305115,-0.005271534620634726,CREATIVEYE
249764.40077781677,247939.68543434143,1125,3170,3155,1472.2500228881836,-0.0014111911845303415,JSL
54576.871861219406,54501.817153692245,1206,3402,3399,60.44999885559082,-0.0002675988596178131,MOTOGENFIN
394864.30194091797,378990.0453186035,240,692,674,11538.899780273438,-0.01097935878409616,ERIS
2347265.3200035095,2323453.336063385,1193,3377,3350,61920.45263671875,0.016235262529477178,SKFINDIA
566748.0708808899,564632.5283164978,902,2488,2482,2703.299926757813,0.001037069895010279,THEMISMED
622580.0986022949,617002.001159668,307,897,881,10208.7998046875,0.0074379222407792486,QUESS
32779.52004528046,32747.21994495392,462,1372,1369,71.37000274658203,0.0011918997705297142,CPSEETF
663918.0114269257,664700.1888575554,1201,3392,3368,17504.3994140625,0.027543426341740312,COROMANDEL
76148.05690300465,75926.1528904438,1380,3815,3809,113.10000228881836,-0.001428848150526253,ALOKINDS
382773.424949646,379895.07875823975,556,1639,1626,3309.8000793457027,0.0011271782726196603,INDUSTOWER
466543.60716724396,468023.56008815765,1209,3402,3401,419.0499877929688,0.00407036529819156,EIDPARRY
146474.04870224,148231.73976135254,1088,3071,3065,708.3000183105468,0.016835685906628345,JKTYRE
234224.68481445312,235635.49700164795,692,1960,1953,1232.3500213623047,0.011284729492329022,MOIL
9149.537899017334,8896.3988571167,89,235,226,378.0,0.013646695546534145,MGEL
803740.1135369539,807661.2973941565,1209,3402,3401,510.70001220703125,0.0055140757500661865,GODREJIND
178438.64956855774,179729.61107826233,876,2397,2379,1098.8999862670898,0.013393183044985293,EDELWEISS
457444.41604423523,455422.68853378296,1208,3402,3399,1316.25,-0.0015422147166051542,UFLEX
400763.3432626724,406623.2027349472,1380,3815,3809,3774.0,0.024038774090075543,TATACONSUM
2465.6999740600586,1165.75,15,32,16,1189.5999755859375,-0.0447540250780865,SMCGLOBAL
287867.87030124664,281856.35368824005,974,2749,2712,12864.900451660156,0.023807394105780776,CENTURYPLY
2342053.860321045,2309191.239654541,937,2630,2616,15697.5,-0.00732908877857785,BBL
538897.4483594894,555665.9619436264,1208,3402,3399,4366.7999267578125,0.03921954645588851,JBCHEPHARM
124732.01528549194,124707.56789255142,1380,3815,3809,456.0,0.0034598383267657688,NATIONALUM
661054.85770607,665902.4650697708,1208,3402,3399,1888.2000732421875,0.010189483305995234,UPL
17510.942428588867,18215.82745361328,36,89,88,208.1999969482422,0.05214368248289866,MAZDOCK
131469.5115261078,132111.5819272995,1015,2867,2865,107.19999694824219,0.0056991951171215865,IDFC
239502.9123196602,234466.5881652832,1030,2905,2895,2666.000061035156,-0.009896848728829647,IIFL
71312.75587463379,72288.89085388184,157,457,456,171.0,0.016085971789741013,GRSE
83522.82026672363,76889.70248413086,108,286,283,921.4499816894531,-0.06838451793969065,SWSOLAR
11081.2770652771,11098.14203453064,161,465,458,192.5,0.01889357770049626,AARON
112921.68673324585,109481.6848449707,340,1009,988,6101.549743652344,0.02356985564397877,SEQUENT
2206.196559906006,2193.8500003814697,35,89,88,25.70000076293945,0.006052697878820117,KHAICHEM
1683743.488767624,1693300.0609054565,1380,3815,3809,12171.900146484375,0.012904858981946625,NILKAMAL
1298034.8108444214,1311757.6650009155,1208,3402,3399,5538.599853515625,0.014838934864527595,MPHASIS
8892975.49484253,8920431.875320435,1145,3236,3228,53624.3984375,0.009117395967460832,MARUTI
400531.2938888073,395971.61374652386,1201,3392,3368,7185.599853515625,0.006556091250041438,ASAHIINDIA
342346.85654592514,342699.5758700371,1206,3402,3399,108.75,0.0013479584091055713,PNB
58867.34996318817,58539.05047035217,311,905,884,499.79998397827154,0.002913338060053973,ADHUNIKIND
1121823.7018680573,1113793.2157888412,1208,3402,3399,2813.700073242187,-0.004650272584976445,BIRLACORPN
,1103002.2940692902,1208,3402,3399,1963.5,,CESC
149903.34337615967,146311.86898040771,226,657,634,4689.6998596191415,0.007326223946262209,GICRE
226276.26092338562,227738.62290000916,1380,3815,3809,233.40000915527344,0.0074942107442414075,IDBI
298553.9599804878,298174.3256597519,1175,3324,3295,2789.799911499024,0.008072797262245692,GENESYS
89570.60429382324,86192.80825042725,193,559,539,4003.9999389648438,0.00699117640777188,MIDHANI
308118.84449386597,307803.1143989563,902,2488,2482,1283.3999633789065,0.003140573469496127,GUJAPOLLO
1313970.4337539673,1322554.8072013855,1380,3815,3809,6264.900146484373,0.01130107132736521,TATAINVEST
275847.78929519653,275513.4052219391,1114,3132,3120,4865.400146484375,0.01642578352650162,IFGLEXPOR
3191341.2603149414,3184304.544670105,1208,3402,3399,17590.5,0.003307005893228122,PGHL
277438.23877334595,277763.6632194519,864,2375,2368,845.9499893188477,0.0042221088217827205,HERCULES
167805.77506446838,166021.15286159515,1094,3088,3074,1857.0999145507812,0.00043191428691716037,DATAMATICS
179985.92333316803,177806.12399291992,893,2458,2447,180.399995803833,-0.011108642872827507,CENTRALBK
929847.3502883911,933159.0270767212,1209,3402,3401,300.70001220703125,0.003884913797320318,MAHSEAMLES
2612796.051673889,2667134.0232925415,1380,3815,3809,20767.5,0.02874524843626275,BRITANNIA
703418.8525371552,704239.844209671,1380,3815,3809,1816.5,0.003749532249530595,TATAMOTORS
307811.9104206562,306352.10339450836,1208,3402,3399,1706.7000732421875,0.0008020906233190935,CHOLAFIN
354492.1247508526,350684.58682370186,1208,3402,3399,870.4499816894531,-0.008285340464264317,RALLIS
2411100.627699852,2348465.1207180023,1208,3402,3399,16481.3994140625,-0.019142339825035583,BAJFINANCE
261201.5046391487,257202.14686703682,637,1838,1828,242.5,-0.014382986718633233,FLEXITUFF
512311.8270769119,,1209,3402,3401,724.0499877929688,,SUNDRMFAST
175184.1216840744,175335.7323551178,915,2556,2532,4332.0,0.025593704657372443,NCLIND
39272.49824333191,39453.44081783295,333,980,960,791.9999694824219,0.024774144439580075,INFIBEAM
340797.2590074539,302522.8715696335,705,1993,1960,59500.651611328125,0.062284139946804644,DEEPAKNTR
,1822524.4049749374,1209,3402,3401,1297.6500244140625,,SRTRANSFIN
3584068.805490494,3572099.3339061737,1200,3387,3368,60569.15185546875,0.013559918324307288,SUNCLAYLTD
1340774.4183273315,1258223.176273346,975,2758,2712,127859.30224609375,0.033792455742578775,JKCEMENT
110787.0707244873,106599.73915100098,171,499,474,5958.75015258789,0.015989398108619053,RITES
216432.5128479004,211196.68340301514,301,873,855,8010.0,0.012817716333887024,ADVENZYMES
1017124.8774986267,933246.5520763397,878,2402,2379,188062.94775390625,0.10243051235541127,ALKYLAMINE
681050.1852874756,690696.5509338379,668,1913,1910,3635.099853515625,0.019501449066153236,MUTHOOTFIN
4195520.950378418,4233278.416717529,1208,3402,3399,16015.94970703125,0.012816862716724713,PFIZER
47516.87579345703,41690.48127746582,128,379,336,6364.0,0.011313990556652215,IBMFNIFTY
502203.3230571747,514230.30604839325,661,1894,1892,1763.5999755859375,0.027460158731833956,RELAXO
514302.78197574615,518834.2163748741,1208,3402,3399,3270.0,0.015168952361404621,POLYPLEX
0.0,0.0,0,0,0,0.0,0.0,ICICITECH
862100.952255249,837554.2372627258,911,2533,2498,26701.500854492188,0.0024994588584226615,PHOENIXLTD
94860.61514663696,94030.33732795715,1098,3095,3085,243.5000038146973,-0.0061856842690516224,MAHABANK
2404089.7247772217,2407033.302871704,937,2630,2616,65482.197265625,0.028462238599039055,NAUKRI
167462.66079711914,164035.0417327881,195,559,557,670.2000122070312,-0.0164658738789815,BDL
194385.40054273605,195301.2582013607,1380,3815,3809,568.1999816894532,0.007634614719883908,IOC
26008.070697784424,25586.691081047058,260,746,744,86.5,-0.012875988404856707,GLOBAL
415677.93142700195,406976.2102050781,194,559,557,1920.9000244140625,-0.016312680286469716,HAL
472802.3083343506,483847.94015836716,1206,3402,3399,810.6000366210938,0.025076510100820657,DENORA
1452426.342748642,1450549.2409420013,1208,3402,3399,786.75,-0.0007507105693065236,GEPIL
858914.5674438477,865840.0109558105,438,1296,1278,12480.299560546875,0.022593333269759024,GULFOILLUB
37305.38432312012,36644.0401763916,160,462,458,354.20001220703125,-0.008233238715922594,IRCON
304738.5331187248,305110.88010692596,1249,3516,3512,857.2000122070312,0.004034760513627419,APOLLOTYRE
293086.74395751953,301545.9169921875,224,644,634,12189.49951171875,0.0704524273857284,TIINDIA
502933.43341064453,475494.4058227539,227,666,634,32008.0,0.009084646413591706,SBILIFE
7158994.881299019,7261908.103859901,1209,3402,3401,7374.89990234375,0.015405531683131227,TTKPRESTIG
344542.74855709076,332446.0496006012,897,2479,2451,2966.5999145507817,-0.02649917631462188,V2RETAIL
177491.1353173256,178813.35769802332,932,2618,2603,2277.000045776367,0.02027832218234034,BANCOINDIA
1508418.758600235,1518224.977672577,1380,3815,3809,2812.5,0.008365527808770883,CENTURYTEX
195508.0302851349,197345.11203704402,1208,3402,3399,662.6999816894532,0.012786082136640637,MOTHERSUMI
1155248.7525024414,1105240.254272461,278,801,782,38383.799072265625,-0.010062507431870416,SFL
110977.49722290039,108477.7373123169,220,633,622,1662.6499328613281,-0.007543060518303245,NIACL
636983.4828338623,632098.0655670166,702,1981,1960,11449.200256347654,0.010304479105644119,OBEROIRLTY
543026.3263955116,547035.0587086678,1209,3402,3401,603.2000122070312,0.008493017927834445,CADILAHC
4514038.41015625,4499101.248046875,509,1480,1470,43407.998046875,0.006307176268913162,IDBIGOLD
134978.8058886528,134051.97890925407,921,2574,2538,298.800006866455,-0.004652782104550151,IDEA
672463.2333526611,635477.9109802246,283,817,782,12867.749786376953,-0.03586452223687826,PNBHOUSING
289602.63836860657,278150.90332984924,926,2596,2560,18855.0,0.0255635273316115,MINDAIND
134188.2995300293,132480.3002319336,98,251,244,5982.5501708984375,0.03185487026643597,FLUOROCHEM
1136087.5794067383,1141524.9145507812,292,832,820,30256.798828125,0.03141847038835452,LTTS
5497083.509750366,5536260.21156311,1380,3815,3809,31048.201171875,0.01277493835777805,DRREDDY
479861.850728035,469585.3931789398,926,2596,2560,14742.0,0.00930589177724762,TIIL
261016.76937103271,262453.5190925598,861,2372,2358,2586.5,0.015413759549709584,NMDC
381676.4046199322,385647.6636168957,1187,3361,3322,575.25,0.01191194672222625,DHFL
147794.54264879227,146537.26358652115,912,2533,2532,11.850000381469727,-0.008426759470065086,DISHTV
120458.40037822723,122114.84976196289,963,2710,2684,1271.4000396728513,0.024305896593474232,SANGHIIND
546995.8047100827,552062.4083324596,1208,3402,3399,1773.75,0.012505312771095978,KANSAINER
415175.62300109863,389649.1618347168,373,1130,1083,24205.0,-0.00318289681082345,UTISENSETF
879176.8255176544,885744.624268055,1380,3815,3809,6078.2999267578125,0.014384021860121715,AUROPHARMA
1637079.4295272827,1602931.8822250366,1209,3402,3401,573.0499877929688,-0.02050877722173076,WOCKPHARMA
238668.21702572703,242822.7447003126,1209,3402,3401,317.04998779296875,0.01873553889203664,BALRAMCHIN
510678.1154937744,512444.93437957764,717,1996,1994,534.7999877929689,0.004506985523299265,BAJAJCON
166426.7283782959,173614.64433288574,386,1158,1153,1110.250015258789,0.04986077687585437,PNCINFRA
2198270.3773880005,2221869.696434021,1208,3402,3399,7355.099853515625,0.014081260984973277,BASF
9653.349731445312,4253.500061035156,8,17,7,7210.999755859375,0.1876188199780524,ANURAS
108608.81545257568,120340.35424804688,156,457,456,1310.300048828125,0.1200808496985594,ATGL
5846580.0440979,5831572.879837036,1208,3402,3399,10695.30029296875,-0.0007375019131480664,OFSS
7168.8001708984375,3158.75,6,12,5,4422.25,0.05749913782990873,LODHA
1255938.9990844727,1270528.1060791016,401,1192,1184,7409.60009765625,0.017515744879585154,GRPLTD
37811.864208221436,37747.19654750824,771,2175,2174,24.399999618530273,-0.0010649477865709179,NHPC
1045862.074634552,1055290.1778669357,1380,3815,3809,4076.7000732421875,0.012912604475446536,SUNPHARMA
3143139.429271698,3096762.625579834,1208,3402,3399,10625.849853515625,-0.011374281874168179,MAHSCOOTER
617008.7878417969,587018.7615356445,130,388,366,50064.2978515625,0.03253482274641,METROPOLIS
403472.20492863655,411295.44619476795,1209,3402,3401,715.4500122070312,0.021163022319836626,BERGEPAINT
685473.2778128386,693363.2991223335,1380,3815,3809,2879.3999633789062,0.01571092794052631,JINDALSTEL
408188.23945617676,409068.13108825684,872,2387,2377,2877.9998779296875,0.00920627089848632,LGBBROSLTD
1121686.5961532593,1126217.76877594,1208,3402,3399,2208.75,0.0060087395586206765,INGERRAND
345723.13072633743,343087.1542439461,1136,3208,3185,1438.6499824523926,-0.0034632525090915233,SUBEXLTD
1640845.4980106354,1635554.0790793896,1285,3618,3608,17803.499755859375,0.0076253863266122525,KOTAKBANK
891700.62890625,844994.2310791016,171,499,474,77697.49755859375,0.03475504976312358,FINEORG
187077.412024498,182214.37242412567,983,2788,2756,182.3999938964844,-0.025019800925313716,ANSALAPI
53012.699929237366,54773.500182151794,378,1137,1131,113.39999771118164,0.03535379735662093,BALKRISHNA
542303.1517333984,539739.2531890869,573,1685,1660,11307.49969482422,0.016123087469738947,MAYURUNIQ
747240.541223526,741707.2865562439,1093,3083,3074,5157.0,-0.0005035255001903777,RKFORGE
246457.81250333786,248613.3815960884,1380,3815,3809,901.5,0.01240402591299128,GAIL
111252.38986968994,112959.96815490723,238,688,674,7154.699829101563,0.07965921563302365,DYNPRO
220342.28399658203,202807.10293579102,170,499,474,9527.50015258789,-0.036342007366717416,VARROC
260544.33742904663,260319.39203834534,754,2129,2118,1891.449966430664,0.006396241776635061,HINDCOPPER
29835.5499420166,29915.00005722046,236,681,674,426.3000106811523,0.01695125871210356,PALASHSECU
1819464.5941467285,1825799.2569580078,762,2149,2133,33891.19921875,0.022108625888867025,ZYDUSWELL
346930.5505142212,341437.80001068115,892,2458,2404,9784.799835205078,0.012371494310038002,MAHINDCIE
133570.3909305334,133506.9628944993,1208,3402,3399,314.0999908447266,0.0018767030107816897,KCP
36797.95007324219,33893.79992675781,40,97,88,7501.949890136719,0.1249471705489284,HAPPSTMNDS
429357.0073747635,432535.9387578964,1209,3402,3401,330.75,0.008174272977614444,UNICHEMLAB
665728.7994995117,691558.9440917969,159,460,458,4420.89990234375,0.04544049246085093,AAVAS
275301.39507102966,278922.57264995575,1208,3402,3399,1792.0499267578125,0.01966291345631303,SONATSOFTW
78820.21520996094,81504.24829101562,37,89,88,912.1500244140624,0.045625136849591866,GOODYEAR
84022.21808862686,84224.39593791962,598,1747,1741,264.0,0.005548268778158528,NBCC
166769.180683136,165841.4387626648,650,1873,1850,1995.25,0.006401111255424888,L&TFH
10470.550018310547,11869.700172424316,35,89,88,134.10000610351562,0.14643453854248237,HEMIPROP
29823.249885559082,27424.949878692627,192,555,539,565.5999755859375,-0.06145205630885793,LEMONTREE
447788.00186157227,436673.1808166504,227,666,634,26457.599609375,0.03426348741071482,MASFIN
70289.81456375122,67159.80075001717,898,2479,2451,4092.1998291015625,0.013688839860216557,MEGH
209460.34838867188,125780.35040283203,72,186,126,103316.9970703125,0.09375043646940995,POWERINDIA
1015710.3658905029,1005073.4757232666,755,2135,2118,21188.800415039062,0.010388699970145097,GODREJPROP
105066.0185918808,107465.22842502594,1209,3402,3401,123.3000030517578,0.024008807700188536,KANORICHEM
192875.5863300562,200199.42242228985,1000,2818,2814,20.399999618530273,0.038077582713264946,SUZLON
308998.7400369644,302748.6137957573,1208,3402,3399,211.65000915527344,-0.019542073962274045,BANKBARODA
841489.7855529785,,1208,3402,3399,1722.0,,CONCOR
121445.90346157551,120283.01965528727,997,2815,2798,2468.399948120117,0.010749775040744206,ICIL
8280967.56086731,8285693.124267578,1208,3402,3399,16789.80029296875,0.0025981702663479445,GILLETTE
345265.95018672943,344836.6973180771,1100,3101,3085,6098.39990234375,0.016419652823064,BIOCON
2063446.8794898987,2061270.8141326904,1209,3402,3401,1342.699951171875,-0.00040387054026919843,LT
840940.7296953201,841751.6608643532,1209,3402,3401,702.0999755859375,0.0017992125856089428,GODREJCP
392010.68242168427,389503.0460767746,1226,3459,3458,210.75,-0.005859244270386787,SIYSIL
168997.7461719513,163028.3015165329,899,2479,2451,8058.399658203125,0.012360845337305656,SRHHYPOLTD
179041.9447031021,179070.2281446457,1209,3402,3401,233.1999969482422,0.0014604591059677581,EPL
255798.8600692749,254140.6969909668,475,1392,1391,140.85000610351562,-0.005931664714196437,SREEL
67913.964884758,67134.04938316345,1018,2874,2867,178.5,-0.008855549850683505,NECLIFE
122887.47320750356,124350.96734213829,974,2749,2712,1874.0500564575193,0.027159352405729677,VAKRANGEE
47634.30002593994,45641.550048828125,214,617,605,487.1999816894531,-0.031606426348293026,ASTRON
283218.3921508789,252864.46875,102,271,244,32244.75,0.00667621401548595,IIFLWAM
159290.56483459473,162197.63513183594,222,635,632,1052.25,0.024855962444181916,NAM-INDIA
47259.333577394485,47322.69281733036,1328,3719,3718,13.449999809265135,0.0016252713259139178,TTML
0.0,0.0,0,0,0,0.0,0.0,EMAMIPAP
1678670.8438453674,1660104.6400690079,1208,3402,3399,2778.6000366210938,-0.009404823940096238,INDUSINDBK
60248.5060172081,57760.94527721405,1201,3392,3368,843.6000366210938,-0.02728633143041604,HFCL
2734797.8997631073,2750661.140642166,1209,3402,3401,1853.199951171875,0.006478153589252552,CRISIL
1950653.1859183311,1945632.8928337097,1270,3588,3553,41879.251708984375,0.01889570062502445,LUPIN
240494.9261715412,241237.47752261162,1380,3815,3809,865.5,0.006686425267547667,SAIL
679163.4717473984,690714.2267760038,1208,3402,3399,3006.0,0.02143335976411223,HAVELLS
512268.643535614,504825.5172996521,975,2758,2712,7107.0,-0.0006561522751851702,M&MFIN
873607.2090730667,914263.3295497894,902,2488,2482,20228.1005859375,0.06969290137527698,NAVINFLUOR
794377.3016357422,810922.4522094727,110,295,290,26455.74951171875,0.05413158205414972,AFFLE
144152.73022460938,155003.1873779297,38,89,88,2207.39990234375,0.09058348763369353,CAMS
355997.86381721497,354129.4877986908,624,1799,1789,9947.999877929688,0.022695708824685402,POLYMED
119585.74898147583,116208.48144340515,922,2578,2538,1948.0000305175781,-0.011951821347663242,HSCL
224870.62938785553,224278.67753887177,1380,3815,3809,450.0,-0.0006312600688235143,ENGINERSIN
264602.4502928853,266926.3506281972,1201,3392,3368,7436.400146484375,0.036886659481016534,HINDZINC
21368.8770673275,20327.713505387306,622,1790,1789,4.199999809265137,-0.04852681583892962,KANANIIND
22861856.4210968,22807635.832977295,1208,3402,3399,74192.84765625,0.0008736062010394251,3MINDIA
891368.4475431442,895415.9046359062,1208,3402,3399,2850.299926757813,0.007738390380018403,IFBIND
150675.72596657276,151967.7316135168,1208,3402,3399,610.1999816894532,0.012624499509997392,PHILIPCARB
366852.8892098665,376290.1403348446,1244,3509,3500,1855.3499450683596,0.030782369179015067,KRBL
378537.3946533203,399113.5817565918,147,420,419,1631.9000244140625,0.058668145978086526,DALBHARAT
253576.6933851242,258197.8892185688,1134,3194,3185,7036.199890136719,0.04597187370795325,AARTIDRUGS
1245738.4590072632,1244371.8136997223,1208,3402,3399,2514.4500732421875,0.0009213850286166703,CUMMINSIND
343186.1345977783,340048.41326904297,768,2175,2166,1102.95002746582,-0.005929060344044283,OIL
419386.3737297058,431669.3848400116,1070,3029,2993,2833.1998901367188,0.03604363886697209,IBREALEST
379461.10301589966,376952.3394794464,972,2743,2711,7372.799804687501,0.012818273677000424,SWELECTES
362995.44748973846,362432.39682102203,1209,3402,3401,286.8500061035156,-0.0007608929107044048,HUHTAMAKI
289433.0904197693,286371.95489501953,1059,2999,2974,2626.250076293945,-0.0015025422553623343,NTPC
86772.71929073334,85284.45853614807,956,2685,2684,24.04999923706055,-0.016874090927614528,GMRINFRA
446713.0329823494,453558.0732078552,1380,3815,3809,2658.8999633789062,0.021275269551538373,BPCL
161400.29216003418,155434.84872436523,313,914,884,6170.7000732421875,0.0012717240769906592,SETF10GILT
555264.0138015747,556867.7218456268,1010,2850,2821,9846.949645996094,0.020622005758399724,RML
2229626.1850891113,2256887.651649475,1380,3815,3809,11178.30029296875,0.017240453628685832,SIEMENS
8730.937400817871,8130.817682266235,131,391,366,703.7499904632568,0.011869317938519811,RVNL
25844.789892196655,25724.87246322632,218,625,622,113.39999771118164,-0.00025217582678523103,SHRADHA
115674.71571063995,117024.7330480814,1207,3402,3399,169.04999542236328,0.013132233120535616,KEYFINSERV
198185.75090789795,197885.31340789795,344,1022,1010,2202.6000366210938,0.00959787738476253,QUICKHEAL
1020778.7629766464,1014867.4655284882,1208,3402,3399,2528.1000366210938,-0.003314329739454593,BLUESTARCO
179766.48550510406,181452.56021785736,859,2368,2355,1705.599960327149,0.018867113430796563,RECLTD
562213.7682647705,556754.1277008057,447,1346,1336,8207.5,0.00488757051346539,HATSUN
76053.94853878021,75965.66149377823,1208,3402,3399,73.0500011444092,-0.0002003452042967241,ORIENTHOT
171650.24543190002,173482.76575565338,1380,3815,3809,263.7000045776367,0.012212160390779292,MRPL
251256.2405563593,250601.95746588707,1208,3402,3399,259.9500045776367,-0.0015694459370298975,NBVENTURES
549395.2064342499,575554.7719907761,912,2533,2532,2403.449951171875,0.05198992487226298,BALAMINES
7471.200000762939,7491.7999539375305,378,1137,1131,35.4000005722046,0.007495442999930009,SHYAMCENT
219571.50030517578,217874.45208740234,108,286,283,1797.4500732421875,0.00045726269269556616,SPANDANA
2978057.0576019287,2964392.9069976807,1208,3402,3399,5714.25,-0.0026694923738800626,ACC
1239.1297187805176,765.2500114440918,20,54,34,422.00000762939453,-0.041867852026088406,IRFC
673469.383140564,667644.8233947754,1208,3402,3399,558.75,-0.007818929676108994,ZEEL
893556.4554367065,888408.8332443237,933,2618,2615,1399.5,-0.004194611509522359,SOBHA
216652.99891059753,232368.12443021964,1209,3402,3401,1298.9000244140625,0.07853122564464046,ADANIENT
130285.49337100983,130279.75570964813,943,2655,2628,2189.6999588012695,0.01676289693450656,JMFINANCIL
1340940.2412462234,1341349.6296253204,1208,3402,3399,4054.0499267578125,0.003328588529572826,BATAINDIA
916739.6598129272,922806.8761844635,1208,3402,3399,2890.200073242187,0.009770948980876774,RAMCOCEM
140030.7118358612,138289.8822441101,755,2135,2118,1985.6000518798826,0.0017479769753344896,JSWENERGY
257545.86663722992,259966.45799922943,1020,2889,2867,293.700008392334,0.010539060113184038,YESBANK
9287.911437273026,9552.09548330307,1208,3402,3399,45.75,0.033369616853392674,TRIDENT
18458.949857711792,21178.749636650085,236,681,674,532.3500213623047,0.17618281784009035,BIOFILCHEM
29890102.62438965,29868133.41116333,1209,3402,3401,13632.400390625,-0.0002789154972285277,BOSCHLTD
810721.1759338379,808706.1750221252,1180,3330,3322,1154.4000244140625,-0.001061525112264758,CANBK
133647.15602493286,133544.61805152893,386,1158,1153,279.24999237060547,0.0013222280535001275,SKIPPER
27939.65002965927,26910.2000977993,973,2743,2712,261.9499940872193,-0.02746991952146906,SGL
332058.313873291,325580.4962158203,291,830,820,5617.5,-0.0025908631753126013,ICICIPRULI
295436.91760253906,296309.6503868103,980,2767,2756,2958.4501342773438,0.012967854354961825,GSPL
266990.82412719727,260278.02627563477,272,783,765,5965.199890136719,-0.0028000885943167005,ITDC
236560.00801944733,239308.59127998352,699,1972,1958,9024.399658203125,0.04976742695143752,IOLCP
294279.2371520996,290775.2011566162,324,954,935,3906.4001159667964,0.0013672868136308054,UJJIVAN
258002.14028930664,241957.28581237793,227,666,634,15121.599609375002,-0.0035784775526219808,TCPLPACK
110162.65020751953,106400.55084228516,40,97,88,14439.149780273438,0.09692078390385586,ROUTE
1830344.162711084,1842391.703648746,1209,3402,3401,1505.75,0.0074047773166261545,THERMAX
93668.85009002686,83842.4506072998,139,412,402,1441.0000610351562,-0.08952175043926057,CHALET
263237.35037231445,278921.45013427734,164,468,466,1224.199951171875,0.06423214520743431,CREDITACC
359314.1106277704,361822.8844627142,1208,3402,3399,20.849999427795414,0.007040146099333453,GTL
30689.65739941597,30712.407054662704,636,1838,1822,39.20000076293945,0.002018584150465394,UJAAS
133451.3409324428,135072.7002189001,1209,3402,3401,88.44999694824219,0.012812230071716557,CGPOWER
367223.6540184021,370816.7785897255,1380,3815,3809,346.7999954223633,0.010728950936663581,BHEL
312125.26130890846,309304.42776989937,1070,3029,2993,6012.0,0.010223992917486508,DHANI
975199.3275642395,960967.1544589996,1201,3392,3368,33409.201171875,0.019664726507281027,TIMKEN
193320.06328821182,194641.4990823269,859,2368,2355,2899.0,0.021831338777408824,VGUARD
1151.6999893188477,454.04999542236334,8,17,7,587.9999923706055,-0.09520708738629878,KALYANKJIL
1079.713632106781,1095.0922763347626,108,286,283,6.6000001430511475,0.020355994142768292,VIKASPROP
1501373.288948059,1514723.438884735,1208,3402,3399,4348.7999267578125,0.01178850722449888,GRASIM
750544.3121757507,744042.2249631882,777,2188,2175,22241.049682617188,0.020970064278322213,VINATIORGA
1068456.166428566,1054828.6838464737,1208,3402,3399,1643.8500366210933,-0.011215839191164782,MCDOWELL-N
21814.700256347656,7335.849914550781,14,32,11,14871.150512695312,0.017983294122241526,HERANBA
507543.73039627075,502451.84518146515,1208,3402,3399,2258.25,-0.005583036584046086,TRENT
62993.05725097656,56707.91734313965,75,192,163,15539.649291992188,0.14691316452991815,SUVENPHAR
403078.56411743164,393434.24520874023,922,2578,2538,4516.000061035156,-0.012722876640401502,INDIANB
,825088.2583618164,507,1474,1458,2876.800048828125,,IBULHSGFIN
98677.81973361969,93437.01707839966,933,2618,2615,94.8000011444092,-0.052149537433713394,DONEAR
288835.69132995605,293558.7544345856,1208,3402,3399,2139.4500732421875,0.02375922846055823,SUPPETRO
1791313.935546875,1743520.1394119263,749,2107,2074,90438.15161132812,0.02380618753092008,JUBLFOOD
11979.450012207031,9422.449890136719,30,83,67,2068.8000488281245,-0.04075312912902619,BURGERKING
775306.1324615479,779552.8039512634,1209,3402,3401,1972.9000244140625,0.008022084765901301,MASTEK
625120.5003890991,603403.3320808411,921,2574,2538,38548.8017578125,0.026925422281108658,PUNJABCHEM
1078277.8473072052,1095543.50922966,1380,3815,3809,8115.30029296875,0.023538424979060574,INFY
217984.78348207474,216692.1707215309,1201,3392,3368,3279.599853515625,0.009115255942326796,GREAVESCOT
804744.3954973221,809247.9365730286,1380,3815,3809,3820.7999267578125,0.010344080740469096,BHARATFORG
252822.75236225128,253846.11384677887,1208,3402,3399,277.2000045776367,0.005144163161556539,JINDALSAW
341893.94004535675,346344.77011680603,1380,3815,3809,1508.6999816894531,0.017430932096509585,HINDPETRO
7697335.328106403,7795682.64640975,1209,3402,3401,6172.5,0.013578701439925343,LAXMIMACH
1394724.57113266,1404258.5033912659,868,2379,2377,2570.699951171875,0.00867886926230003,CEATLTD
58134.34924316406,55880.100036621094,37,89,88,650.0499877929688,-0.027594687815975433,NOVARTIND
574805.1498184204,581427.8690423965,1380,3815,3809,2149.5,0.015261204995722913,SBIN
167766.9803237915,167608.21580314636,1208,3402,3399,85.35000228881835,-0.00043759813888664316,MUKTAARTS
116412.52169036865,108109.7275390625,227,666,634,12467.2001953125,0.03577283597620829,IEX
180039.31727600098,176044.76348114014,701,1981,1958,3594.9000701904297,-0.002219813598036141,RESPONIND
51010.54984283447,52986.89999961853,259,746,744,44.599998474121094,0.03961827820881771,SANGINITA
2243083.8457336426,2246263.9618120193,1170,3307,3295,48349.201171875,0.022972532813813805,DIVISLAB
70176.41495501995,69885.64002609253,1206,3402,3399,222.0,-0.000980029101964005,MARKSANS
521632.6908836365,514747.4755630493,747,2099,2074,15232.499694824219,0.016002226317712007,THANGAMAYL
1055967.138376236,1058964.4074325562,1211,3408,3403,4160.4998779296875,0.006778401215454869,STAR
70791.97984313965,48211.183532714844,68,166,126,34750.0,0.17190088081361232,OAL
151125.3268083334,150743.02296817303,1204,3402,3368,5536.900207519531,0.0341080907894184,KABRAEXTRU
53655.919509887695,54047.246658325195,80,201,199,591.5999755859375,0.018319080783664586,SUMICHEM
153745.12817382812,130112.84216308594,75,192,163,28476.550354003906,0.03150840875936355,SBICARD
78507.00395333767,77642.06924724579,1122,3160,3135,2338.750076293945,0.018773043116994483,WELSPUNIND
209601.74619293213,208719.58777999878,723,2016,1995,2337.3000640869136,0.006942411871960982,BLISSGVS
14153.156504631042,12790.231189250946,108,286,283,19.0499997138977,-0.09495233909315356,JUMPNET
503541.6971130371,480282.44647216797,276,794,765,27415.14929199219,0.008253335672001188,TCIEXP
1158004.9581184387,1133215.9207344055,974,2749,2712,45822.648193359375,0.0181636621344888,SOLARINDS
266064.79888916016,257241.4523010254,167,482,474,4002.800048828125,-0.018117941792498565,TCNSBRANDS
936898.5967273712,949976.2593574524,1380,3815,3809,4076.099853515625,0.018309091873459585,TATACHEM
1833035.1737670898,1840583.8945922852,814,2274,2267,10738.0,0.009976197449399773,QNIFTY
844842.6877889633,853337.0419120789,1380,3815,3809,5500.2000732421875,0.016564686418702228,MFSL
42220.620403289795,33604.024547576904,116,317,302,798.0000114440918,-0.1851842954837201,SEYAIND
1187234.084526062,1183931.864189148,1208,3402,3399,2088.75,-0.0010220986347426791,SANDESH
307482.845038414,307330.7296895981,1088,3071,3065,1894.2000732421875,0.005665632254081134,CCL
139341.2267818451,134520.67345237732,704,1991,1960,5282.399810791016,0.0033144998934616574,SASTASUNDR
1299194.5904541016,1289947.3340454102,361,1077,1072,8202.999877929688,-0.0008037722281438414,INDIGO
241043.41103124619,243242.59909033775,1100,3101,3085,15947.2001953125,0.07528265625170634,VAIBHAVGBL
1145961.9539604187,1155560.0533180237,1380,3815,3809,4604.400146484375,0.01239351747674156,M&M
97788.66393327713,97081.71704435349,1065,3009,2993,2347.199951171875,0.016773447926105245,GUFICBIO
116486.77120542526,117893.54316139221,1114,3132,3120,985.1999816894531,0.020534279668874528,JTEKTINDIA
350121.96595287323,346806.6198396683,1208,3402,3399,991.5,-0.006637247414284621,FDC
669798.8367471695,679162.4100375175,1208,3402,3399,2711.549926757813,0.018027984753971573,KAJARIACER
31027.45397901535,30333.670199871063,857,2363,2355,116.80000305175781,-0.018595911107716346,3PLAND
1244882.4229125977,1170866.885559082,373,1130,1083,72813.33862304688,-0.0009657126716079882,UTINIFTETF
365718.15396118164,372937.9919128418,375,1132,1131,573.0,0.021308315890950575,SYNGENE
561979.6293412255,557988.7759641135,1208,3402,3399,1133.6999816894531,-0.00508408712033169,KALPATPOWR
128858.73167419434,113543.20623779297,137,409,402,989.7999572753906,-0.11117388238266272,ARVINDFASN
2130788.1292324066,2143812.3596401215,1209,3402,3401,2616.050048828125,0.0073401387223689905,TORNTPHARM
56315.483055114746,52333.68329620361,187,543,525,1663.2000274658203,-0.04117162111840804,MMP
230335.38405704498,229655.358086586,990,2799,2798,231.3500061035156,-0.0019479246151965493,VIMTALABS
162497.25051689148,153952.19862556458,176,514,500,15440.600341796871,0.04243486230404362,ADANIGREEN
965375.3085823059,969746.0603990555,1219,3437,3418,33924.5,0.039668770763349806,LINDEINDIA
24552.2179145813,24423.572856903076,256,745,740,198.75,0.0028553405059240197,NACLIND
1245026.4277076721,1258847.3316698074,1380,3815,3809,8488.5,0.01791881960546904,HDFCBANK
795376.850189209,789878.5750427246,311,905,884,24316.948974609375,0.02366007235896833,MGL
270841.54362487793,270136.75271606445,221,633,632,541.75,-0.0006019789528274589,MAHLOG
226938.36163330078,222919.63999938965,321,946,932,5320.699829101563,0.005737144596532498,CROMPTON
530373.3825540543,532003.2737193108,1208,3402,3399,1603.7999267578125,0.006097008632752688,DABUR
1402580.8323440552,1426968.2228393555,661,1894,1892,5117.39990234375,0.021036071303166416,PIIND
386263.01042175293,384865.9741668701,701,1981,1958,6264.0501403808585,0.012600258772342323,PRESTIGE
365875.0098581314,359849.90538597107,1116,3146,3120,13392.599365234375,0.02013664419423123,IGL
99665.15307235718,100809.4139175415,407,1194,1193,173.75,0.013224389915173728,CAMLINFINE
131141.60026550293,132685.40291023254,941,2643,2628,741.0000228881835,0.017422409540466924,INSPIRISYS
682248.5439987183,685855.7864723206,1179,3330,3322,1479.1999511718752,0.007455409717640564,SPARC
495610.56570124626,494587.5001795292,1208,3402,3399,273.1500091552734,-0.0015131144581244595,ZODIACLOTH
377712.00963401794,389383.9832992554,622,1790,1789,1281.800048828125,0.03429537156262795,APLAPOLLO
235035.91768741608,234761.34374904633,1201,3392,3368,204.0,-0.00030026873791949603,HCL-INSYS
865913.7597122192,858041.99792099,642,1855,1833,20717.400268554688,0.014834778097988192,APLLTD
161381.19703555107,161147.45367574692,1208,3402,3399,648.9000091552734,0.0025725218115693125,ELGIEQUIP
39714.822845458984,38667.990116119385,130,388,366,4453.899932861328,0.08578830168220918,KPITTECH
23996985.28579712,23553247.79232788,919,2567,2535,948155.1875,0.021020044310703766,PAGEIND
770583.8023857623,781363.2315220386,1209,3402,3401,510.1499938964844,0.014650683151163678,RAJESHEXPO
340915.72892284393,342967.358124733,1380,3815,3809,999.3000183105469,0.008949218124488682,INDIACEM
668057.4306869507,667733.2582893372,758,2137,2126,4859.25,0.006788454695763418,SHILPAMED
72624.73461818695,71055.99304580688,307,897,881,608.0,-0.013228847959734554,GPTINFRA
3937.6000216007233,4019.800015449524,78,201,185,380.7999877929688,0.11758431001164751,BIRLATYRE
48485.00747680664,48881.15252685547,36,89,88,700.2999877929688,0.022614104749108143,UTIAMC
162930.42677795887,164288.7546390295,1380,3815,3809,624.9000091552734,0.012172237619733507,GSFC
59695.53254508972,60279.7058300972,692,1960,1953,496.30001068115234,0.01809973459693181,JAMNAAUTO
182403.92641460896,185386.16726350784,1209,3402,3401,252.3999938964844,0.017733394814336112,BSOFT
108200.81750321388,134396.9026646614,1249,3516,3512,218.1999969482422,0.24412278731268536,USHAMART
568909.6194152832,550425.3190612793,227,666,634,17496.0,-0.0017371834124015456,DIAMONDYD
179550.3285765648,178965.68083667755,1208,3402,3399,47.55000114440918,-0.0029913492389616893,IOB
16651.337493896484,16523.350021839142,1196,3387,3365,289.299991607666,0.009687661403142677,PILITA
470227.7993373871,481387.51904296875,1201,3392,3368,962.3999633789062,0.025779249304363195,NETWORK18
360058.4440803528,358780.45642852783,864,2375,2368,747.9499893188477,-0.001472087854681217,IRB
341997.56664943695,341365.03244686127,1209,3402,3401,183.3999938964844,-0.0013132672640901628,EXIDEIND
126568.86227321625,127159.51286888123,1015,2867,2865,54.0,0.005093279532476252,VIVIMEDLAB
329305.8503627777,319041.60064697266,1123,3163,3135,10959.199829101562,0.002110348518044612,WELINV
543642.5448150635,541997.0413742065,897,2479,2451,7222.600341796875,0.010258757255352706,DLF
1149609.455628395,1155643.0188331604,1208,3402,3399,4351.5,0.009033557573766369,KIRLOSIND
736394.8158779144,739019.6135978699,958,2686,2684,1521.0999755859375,0.0056299930501258755,CYIENT
367491.6025876999,362167.53821635246,1208,3402,3399,2288.25,-0.008260908140405594,GRAPHITE
1717492.734922409,1700184.6976013184,872,2387,2377,12755.0,-0.002650979086264601,ECLERX
137720.29405117035,136193.80694437027,1208,3402,3399,87.89999771118165,-0.010445716217788403,RSSOFTWARE
1368983.0811491013,1368425.3060193062,1380,3815,3809,12337.80029296875,0.00860494576257708,IPCALAB
324781.2499008179,326129.8991661072,909,2516,2498,4192.19989013672,0.017060249497525173,FORTIS
728530.3518676758,724480.8577880859,229,669,653,23199.19921875,0.02628539097934296,ICICIGI
244718.10656929016,244477.25310325623,884,2421,2398,3372.9498596191406,0.012798793017378853,DELTACORP
66233.22234201431,66114.85266256332,1208,3402,3399,252.59999084472656,0.0020266311474413995,TNPETRO
805197.9292297363,813506.0248641968,660,1893,1892,801.1500244140625,0.01131305152211276,DHANUKA
196575.2692527771,197960.84238433838,601,1754,1748,571.1999816894532,0.009954319893284788,SCHNEIDER
2158090.423461914,2166583.863647461,354,1055,1050,14537.249755859375,0.010671790992177903,ALKEM
1218515.7018680573,1251146.9695453644,1208,3402,3399,11072.25,0.03586619163816029,TATAELXSI
157302.2999982834,157754.25021266937,1208,3402,3399,361.5,0.00517125442154923,ITI
209890.25834417343,212055.40840673447,1380,3815,3809,1461.3000183105469,0.017277838950128924,HEIDELBERG
22689.69992828369,21603.650009155273,108,286,283,187.79999542236328,-0.03958844438424447,SPICEJET
11868148.22555542,11809905.2918396,1201,3392,3368,323894.390625,0.022383564129841108,PGHH
359859.39337158203,338779.0475463867,130,388,366,32237.699462890625,0.031004758645203686,POLYCAB
471074.4715499878,469592.93745040894,937,2630,2616,5824.699829101563,0.009219700900437847,TORNTPOWER
74235.18530416489,72723.43677377701,884,2421,2398,197.80000877380374,-0.017699807931109954,ENERGYDEV
7719298.2197265625,7743509.66633606,1208,3402,3399,23252.8505859375,0.006148783975483704,SANOFI
460779.58084106445,463947.6601867676,239,688,674,13003.899658203127,0.035096995779169325,AUBANK
139786.48870253563,141225.33117604256,1208,3402,3399,562.0500183105468,0.014313919108987388,NOCIL
807592.3732852936,779769.6563930511,887,2435,2398,23650.400451660156,-0.005166364342458128,KSCL
1564.5500026345253,1502.799998819828,218,625,622,3.75,-0.03707136474835053,DNAMEDIA
1062840.2625102997,1060452.699066162,1208,3402,3399,2803.049926757813,0.0003909209100141828,KSB
338749.8505859375,329964.59942626953,423,1243,1229,9658.600341796875,0.0025781537043286346,PDSMFL
150763.7370185852,146372.30122756958,899,2479,2451,2317.0,-0.013759514270728787,TIMETECHNO
122318.79961013794,122708.01752758026,990,2799,2798,139.89999389648438,0.004325728449144723,TRIVENI
541643.4950609207,536003.8020858765,1209,3402,3401,357.8500061035156,-0.009751511865469123,FINCABLES
7617.949988365173,7612.699969053268,401,1192,1184,64.0,0.007712045993715292,GENUSPAPER
456410.9033317566,457947.31873703003,912,2533,2532,296.5,0.004015932555277115,TECHNOE
118029.19221305847,117216.64768791199,931,2618,2603,922.5,0.0009315955891236746,NFL
3406260.3231010437,3440104.331829071,1208,3402,3399,11429.099853515625,0.013291147559833754,ASTRAZEN
4570314.783157349,4550699.578948975,1201,3392,3368,84592.798828125,0.014217312745985948,BAJAJHLDNG
1126089.8321723938,1080033.172000885,921,2574,2538,79945.1982421875,0.030093991706951755,MINDTREE
255697.03841781616,255995.62867736816,1208,3402,3399,347.5499954223633,0.0025269759046585194,SCI
254467.1019937992,265608.32425284386,931,2618,2603,13073.249816894531,0.09515757395047958,TANLA
1164849.1020774841,1143818.617465973,970,2736,2711,48122.50061035156,0.023257961868642287,RATNAMANI
130686.83938598633,128281.90871047974,1208,3402,3399,478.5,-0.01474081617213833,REMSONSIND
346995.43131256104,335204.5989151001,296,858,820,7079.400115966797,-0.013577793412646554,RBLBANK
403707.55562496185,405153.16200733185,1380,3815,3809,1232.1000366210935,0.006632787476186443,ITC
2295616.03956604,2292602.1962242126,1208,3402,3399,9932.55029296875,0.0030138781189424256,APOLLOHOSP
113378.35771560669,109449.04076004028,328,962,946,1348.800048828125,-0.02276022477950454,EQUITAS
274173.8763618469,266325.4654388428,887,2435,2398,7938.350112915039,0.0003280370511747424,POWERGRID
72277.74995040894,69256.99990081787,232,678,668,1159.000015258789,-0.025758273266802793,ABCAPITAL
31055.49984741211,32423.42845916748,108,286,283,349.3499908447266,0.05529708460780741,WATERBASE
223954.7498779297,245131.00296783447,377,1132,1131,1176.4000244140625,0.09980879229622296,ADANITRANS
1365990.3075561523,1372527.233947754,354,1055,1050,14300.0,0.015254080703456975,LALPATHLAB
171044.88368582726,170439.11195135117,1208,3402,3399,486.90000915527344,-0.0006949738732855517,SESHAPAPER
7887570.77331543,7861939.85042572,1201,3392,3368,271642.8046875,0.031189816087619445,BAJAJFINSV
215011.75064608455,215326.9985254407,1208,3402,3399,986.1000366210938,0.00605245021291555,AEGISCHEM
6396954.106369019,6365579.888839722,1201,3392,3368,155565.59765625,0.01941414274073095,ULTRACEMCO
32304.3194565773,32319.673286914825,1049,2968,2944,788.399963378906,0.024880691103764542,KOTARISUG
928445.114074707,927907.7319431305,1208,3402,3399,1705.5,0.001258144235685503,BHARTIARTL
3745.7000106573105,3511.2000370025635,282,811,782,87.0,-0.039378480186634895,ROLLT
687860.327041626,691226.644367218,1209,3402,3401,384.5499877929688,0.005452949044927293,GESHIP
124049.8674236536,123767.8597253561,1209,3402,3401,114.25,-0.0013523408108496928,ASHOKLEY
561025.332036972,558393.1834030151,1208,3402,3399,202.95000457763666,-0.004329926815531364,BANKINDIA
4864044.633146286,4916294.905197144,1192,3374,3350,279134.390625,0.06812944528050163,BHARATRAS
1397640.0946044922,1396194.5808105469,203,599,571,113069.5986328125,0.07986611522507507,GMMPFAUDLR
12975.754991531372,13174.725004196167,164,468,466,73.04000091552734,0.020962943101025693,ICICINXT50
1709003.0074996948,1702602.9703445435,839,2313,2302,13370.5,0.00407867207621042,UBL
392637.8510991335,390289.0197072029,1201,3392,3368,9066.0,0.017107796890354986,KEC
450411.87127685547,426010.36755371094,283,817,782,34956.25,0.023433543718406488,VBL
151140.33863067627,144107.82388305664,238,688,674,7234.5,0.0013364086266469107,SALASAR
241449.53102111816,237533.96685791016,233,678,668,3697.999877929688,-0.0009010756175761272,COCHINSHIP
269520.0625038147,256767.81163024902,704,1991,1960,3862.599952697754,-0.03298326231555433,CAREERP
189819.93034362793,176509.91452026367,193,559,539,9535.0,-0.01988735227397043,ISEC
1586124.1701087952,1586595.6292266846,1380,3815,3809,5169.599853515625,0.003556505270970115,GODFRYPHLP
471205.0777770579,475784.22537499666,1209,3402,3401,570.9500122070312,0.010929630967564578,CARBORUNIV
16511.199867248535,15583.050018310547,45,113,103,2273.500061035156,0.08148106878445535,MAXHEALTH
714037.7393553108,724999.4137090594,1209,3402,3401,969.5999755859376,0.016709585042531488,VOLTAS
315325.64933776855,311571.84408569336,351,1046,1028,7416.0,0.011614008424674511,NH
551801.9261937141,559236.435697794,1344,3735,3733,1236.300048828125,0.01571362683113214,TVSMOTOR
370886.3148727417,370875.78243255615,699,1972,1958,1915.9000854492188,0.005137336075388601,COALINDIA
208973.31498718262,198199.27096557617,240,692,674,14376.600219726562,0.017239312102318327,CDSL
348962.84094429016,355741.55045318604,1208,3402,3399,676.3499908447266,0.021363476637132138,SILINV
50526.90019226074,43977.700050354004,91,246,226,5152.000122070312,-0.027652597220884655,CSBBANK
531041.2358846664,518099.2105541229,1201,3392,3368,4512.0,-0.015874521149943963,KIRLOSENG
232281.24702262878,233012.03409957886,941,2643,2628,1361.25,0.009006482889883347,DCBBANK
670068.8311052322,626552.8450927734,892,2458,2404,77441.39868164062,0.05062974293734003,KPRMILL
1045206.0181114674,1036272.6070377827,1209,3402,3401,776.0499877929688,-0.007804548523965513,AMARAJABAT
424963.7435224056,432934.48215579987,1208,3402,3399,2085.8999633789062,0.023664697871438354,DCMSHRIRAM
167533.7203578949,167429.36898994446,634,1834,1820,1399.2999572753909,0.007729480289452234,TRITURBINE
199364.78691768646,194973.25093650818,926,2596,2560,6494.399780273438,0.01054781956034885,REDINGTON
397287.17374420166,397786.9354171753,431,1270,1257,4078.75,0.011524438682033981,SHARDACROP
361622.11147642136,361966.31898117065,1380,3815,3809,668.6999816894532,0.002801010929069793,ONGC
101017.52127838135,99360.33386230469,185,539,525,3838.099914550782,0.02158944775989921,ORIENTELEC
1121009.6082763672,1144091.814819336,166,476,474,5437.2998046875,0.025440911600665975,HDFCAMC
484324.09760284424,482723.2261199951,780,2202,2178,5017.2000732421875,0.0070538067531682605,MHRIL
375315.5850696564,373344.7417869568,1208,3402,3399,1103.3999633789065,-0.0023112371396985455,GNFC
177015.03153300285,181436.01702141762,1023,2889,2875,4863.599914550781,0.052450830432637686,GRANULES
123241.72609043121,122803.14220428467,1132,3186,3185,11.300000190734865,-0.0034670391231155103,UCOBANK
100749.04987716675,97118.90006256104,311,905,884,1929.900032043457,-0.0168760875128371,MAHASTEEL
72422.31553268433,71520.04041337967,848,2344,2317,328.0499897003174,-0.007928842448363733,ANIKINDS
9969455.90600586,9786424.577392578,1201,3392,3368,380409.609375,0.01979830019036575,ABBOTINDIA
1740250.2350502014,1710330.8872184753,1201,3392,3368,51660.0,0.012492831048315743,WHIRLPOOL
146130.7360305786,140111.49925994873,229,669,653,2984.0,-0.020770693784740425,CAPACITE
103991.74142456055,101849.87215805054,463,1376,1369,214.5499973297119,-0.018533387774628686,SDBL
357736.9624481201,357447.0732488632,1045,2946,2929,6101.299896240234,0.01624492659973911,INDOCO
1222931.0469017029,1238416.3442649841,1208,3402,3399,3262.349853515625,0.015330093437642342,TATACOMM
380005.91231799126,367899.4531509876,1208,3402,3399,999.1499633789062,-0.029229306291240178,VIPIND
3830932.543800354,3804502.2746658325,1208,3402,3399,9450.599853515625,-0.004432254832699749,VSTIND
83093.45000815392,82221.3000330925,1208,3402,3399,50.10000228881836,-0.009893077886306693,BINDALAGRO
294056.46173095703,289268.1516342163,298,858,854,187.1999969482422,-0.015647029392614413,FRETAIL
181551.73545527458,182011.2885723114,1208,3402,3399,413.6999816894531,0.004809940794762599,BEL
89363.55005645752,82981.55000305176,204,602,571,4586.449905395508,-0.020092645680211595,ASTERDM
130627.6935210228,131305.0517759323,1208,3402,3399,468.4499816894531,0.00877155682469863,FINPIPE
365580.9527311325,371670.1781282425,1157,3265,3263,1513.9000244140625,0.02079737843211921,JSWSTEEL
111497.82111358643,109975.06271362305,336,988,969,2907.0,0.012414965478351811,LICNFNHGP
2561537.273815155,2587653.857383728,1209,3402,3401,2496.75,0.011170375641638149,HDFC
1114281.2538757324,1134130.0410614014,740,2071,2068,6776.099853515625,0.02389422504109887,PERSISTENT
156697.34165656567,157495.06725138426,1201,3392,3368,4350.0,0.03285139071536317,RAIN
117779.40743875504,119701.34782481194,864,2375,2368,1396.8500213623047,0.028178019227554415,KNRCON
192953.13586115837,191461.89395976067,1209,3402,3401,170.5,-0.006844884357557474,CUB
1477208.335659027,1399994.332408905,1073,3037,2993,148753.0,0.0484285087099527,COFORGE
806855.0574874878,815180.1265583038,1380,3815,3809,6975.599853515625,0.01896334265038543,ESCORTS
1098995.9162406921,1109007.059873581,1380,3815,3809,7094.099853515625,0.015564428614908686,TATASTEEL
171179.0164794922,170986.26707077026,489,1429,1406,1363.8999824523926,0.006841671355617214,ORBTEXP
625559.634396553,626304.688949585,1208,3402,3399,1298.1000366210938,0.0032661228079780866,GUJALKALI
496428.94554901123,493407.9048156738,762,2149,2133,4037.6000976562495,0.0020477439388523434,SUNTECK
366400.9142074585,367122.72061920166,561,1650,1637,1164.7999801635742,0.005149022065044658,ZUARI
1630820.2735641003,1641396.2660672665,1208,3402,3399,6052.650146484375,0.01019649002358136,AJANTPHARM
2093.2999765872955,2244.8500068187714,108,286,283,9.450000286102297,0.07691206817861637,BCP
297689.34533691406,293131.01525878906,234,678,672,2234.7000732421875,-0.007805553142162384,SIS
2430978.275256753,2460865.352503419,1380,3815,3809,14502.8994140625,0.018260128900592545,EICHERMOT
868296.7094116211,873987.1479492188,287,824,811,17457.049682617188,0.02665850045187911,ENDURANCE
177106.99342107773,176429.99476385117,1208,3402,3399,224.84999084472656,-0.002552969014085387,ITDCEM
864987.0381774902,863401.6751098633,1208,3402,3399,199.34999084472656,-0.0016023512672542787,ASIANHOTNR
279729.1227054596,280817.0709447861,1209,3402,3401,112.4000015258789,0.004291109303325063,INDHOTEL
173424.72148895264,175264.7758216858,593,1730,1728,259.5,0.012106430471430214,SWANENERGY
188696.77168273926,188449.93961143494,1172,3308,3295,521.2999801635742,0.0014545448044056785,OMAXAUTO
328653.30975341797,317015.0686340332,227,666,634,16484.80078125,0.014746724034215604,GODREJAGRO
362121.986038208,356177.4087982178,314,921,884,20396.25,0.03990829973655604,ARMANFIN
1270082.8510131836,1308696.1002197266,259,746,744,5791.0,0.03496169495645135,DMART
876142.8654785156,808627.6154174805,208,606,574,96350.3984375,0.03291146856593553,AMBER
428874.3728752136,423892.4900112152,979,2762,2756,1635.8999633789067,-0.007801778591217113,INOXLEISUR
49219.71210384369,49291.21889972687,1208,3402,3399,50.55000114440918,0.0024798356554803207,MIRCELECTR
1120387.3856201172,1129872.5768432617,519,1522,1517,4044.5001220703125,0.012075904744077753,JUSTDIAL
65299.18454095721,65831.85933503509,973,2743,2712,58.8999992609024,0.009059451469378239,ROHITFERRO
912142.3943901062,912034.5724639893,1029,2903,2895,1555.1999511718752,0.001586789556056875,SHOPERSTOP
8843.999992370605,7865.999940872192,89,235,226,261.9000034332276,-0.08097015475836034,UJJIVANSFB
84469.711956501,82895.14701271057,924,2586,2560,3402.1001586914062,0.02163539063377046,FSL
222811.8195953369,207143.01882839203,932,2618,2603,269.2500114440918,-0.06911460434849875,ARIHANT
1278145.045830965,1286681.7611541748,1208,3402,3399,5448.599853515625,0.01094188427388776,PIDILITIND
4387468.821563721,4429752.224357605,1209,3402,3401,3866.75,0.010518628090771498,BAJAJ-AUTO
2789048.847053528,2779963.432762146,1208,3402,3399,4396.9500732421875,-0.0016810262118903889,GLAXO
148299.14881753922,141405.862200737,1011,2855,2821,13618.69958496094,0.04535031402259345,GOLDIAM
892005.2792272568,911148.3306715488,1380,3815,3809,4300.5,0.026281852798675353,AXISBANK
586181.1144256592,581813.1874961853,1148,3251,3230,11644.5,0.01241352355347667,RADICO
59422.0108127594,56637.38170051575,295,850,820,2457.000045776367,-0.005513597772711773,BIGBLOC
5911478.749542236,5915114.526245117,754,2129,2118,58496.35107421875,0.010510420557954455,BAYERCROP
469484.8423461914,460708.5754394531,266,766,752,9826.600341796875,0.00223720414446116,BSE
292403.7106933594,281501.0713043213,172,500,474,40758.900634765625,0.10210630082269195,SOLARA
54571.28288650513,55101.60209274292,355,1055,1050,405.4499816894531,0.017147648697821826,KOTAKNV20
167770.47325515747,164075.26998901367,430,1270,1248,2778.6000671386714,-0.005463435735864501,SUPERHOUSE
29115.557373046875,28528.372589111328,38,89,88,560.6500244140625,-0.000911360177018228,ANGELBRKG
140039.46108293533,140541.89387226105,1208,3402,3399,233.25,0.0052533963186992124,RCF
354409.7494697571,350806.500082016,1097,3090,3085,920.749969482422,-0.007568921064592703,DCAL
51003.32003855705,52206.306319475174,1208,3402,3399,82.19999885559082,0.025198090610614135,GINNIFILA
246990.61872076988,245430.29745268822,1035,2921,2911,2451.000061035156,0.0036061239797954823,SUPRAJIT
717874.6161193848,706810.9841213226,1201,3392,3368,21993.600585937496,0.015225456287839657,HCLTECH
225253.53826141357,214826.79444885254,370,1115,1083,17000.0,0.02918158905815056,GUJGASLTD
2282503.516845703,2295509.4645996094,1208,3402,3399,6869.400146484375,0.008707696506797626,JCHAC
1272521.333114624,1274183.1256141663,1380,3815,3809,2026.7999267578125,0.002898648793000466,RAYMOND
6319569.215602875,6342174.000400543,1208,3402,3399,14958.44970703125,0.005943954915780798,SCHAEFFLER
96666.22127759457,98584.13328051567,1209,3402,3401,163.64999389648438,0.02153349918209802,GAEL
1290167.8627929688,1278011.6785888672,118,321,302,141689.65185546875,0.10040047608297403,INDIAMART
,2370573.814579487,1210,3408,3401,9603.649658203125,,ABB
611470.8362598419,610375.3249988556,1208,3402,3399,1821.2999267578125,0.0011869554895060663,ICICIBANK
445666.8058319092,451877.12211990356,1208,3402,3399,1863.6000366210938,0.018116485721982833,VISAKAIND
145737.29212856293,143711.70190620422,701,1981,1958,10353.44985961914,0.05714295576395074,CGCL
23968003.21070862,23946292.36201477,1208,3402,3399,125335.34765625,0.004323451480351278,HONAUT
475957.14756572247,480437.18680238724,754,2129,2118,5346.0,0.020644798143950437,AVANTIFEED
1248650.3439063728,1237518.295721054,1209,3402,3401,591.5,-0.008441553103123212,GLENMARK
228614.91490077972,227843.74519634247,874,2393,2379,2058.7000427246094,0.005631873750871196,JYOTHYLAB
1491760.987487793,1476627.7487792969,304,882,864,67834.8017578125,0.0353284229118156,LTI
50884.271057128906,48792.450370788574,86,220,199,12166.349487304688,0.1979890561791375,PRINCEPIPE
48215.92650580406,47200.25010418892,758,2137,2126,1494.3500671386719,0.009927708543895927,REFEX
1757317.6319122314,1700314.110649109,987,2799,2766,38121.598388671875,-0.010744741036886002,PVR
501013.0615081787,496414.9800796509,755,2135,2118,1409.3000259399414,-0.006364667206457323,DBCORP
2739.318988800049,2537.7465991973877,55,127,116,291.0599899291992,0.03266782754853165,NETFIT
262620.64975070953,257443.29996585846,1208,3402,3399,132.29999542236328,-0.019210407841948766,GOLDENTOBC
970537.7392578125,958306.7842102051,972,2743,2711,15836.7998046875,0.003715306073350153,SUNTV
765435.8382042646,766981.529106617,1380,3815,3809,5652.0,0.009403388949279317,NATCOPHARM
2461816.813720703,2420639.079023361,1201,3392,3368,75189.59765625,0.013815757033320343,TCS
35251.08267211914,35309.993183135986,255,745,734,645.700008392334,0.019988336981390693,PANACHE
249083.03965759277,245622.33879089355,292,832,820,4318.7999267578125,0.003445032071385501,GNA
109575.03314447403,110170.17342615128,932,2618,2603,981.7499542236328,0.014390962892265416,RUCHIRA
192459.36134147644,189635.72912979126,924,2586,2560,2883.4000396728516,0.0003105477830284709,PFC
351795.2063703537,342374.00405216217,974,2749,2712,19291.800903320312,0.028057797282028552,KEI
647830.07929039,655382.4561500549,957,2685,2684,483.75,0.012404683136151078,EMAMILTD
215140.2623462677,216665.08449172974,602,1762,1748,4404.400085449219,0.027559798274151896,ORIENTREF
34551.25102519989,33667.15208339691,733,2060,2025,902.9999732971193,0.0005470433322473676,SJVN
2552413.6814250946,2578224.64468956,1032,2910,2908,3294.699951171875,0.011403191977636862,SHRIRAMCIT
218121.07650756836,211063.3170928955,411,1206,1194,9550.19970703125,0.011426865905239175,INTELLECT
477042.21773922443,482177.7415153384,1209,3402,3401,9.0,0.01078421067320764,FEL
268198.0307226181,270078.3164200783,1101,3101,3095,1457.3999633789065,0.012444855213314591,PETRONET
50208.35675430298,49391.162200927734,363,1086,1083,170.25,-0.012885196712194716,IDFCFIRSTB
1866100.7221050262,1846772.6432800293,1208,3402,3399,4916.25,-0.007722964068488171,VENKEYS
190413.0620393753,181340.52966594696,704,1991,1960,11502.549621582033,0.01276182013002441,CANTABIL
3660053.954957962,3711845.2992038727,1208,3402,3399,24936.75,0.020963651134698072,ATUL
198837.06095671654,200712.00918006897,1380,3815,3809,616.1999816894532,0.012528590963151311,TATAPOWER
77740.4148182869,78596.3153848648,1006,2828,2821,621.9499893188477,0.019010067792294878,SUNFLAG
2768622.493268013,2795905.4827842712,1208,3402,3399,18837.44970703125,0.01665826212689982,SRF
3071901.826051712,3100415.158723831,870,2381,2377,15225.599609375,0.0142383887110453,CERA
1033640.9088068008,998698.6819181442,983,2788,2756,58646.3984375,0.022932694852612456,BALKRISIND
137106.7852783203,128224.07116699219,38,89,88,1534.5,-0.053594824620908414,VALIANTORG
140103.8672065735,136091.95334243774,931,2618,2603,541.4999771118164,-0.024770293327499946,TV18BRDCST
588402.7481842041,571009.1040420532,754,2129,2118,1079.099983215332,-0.027726832019873828,TRF
230504.61285829544,234994.51300811768,977,2758,2756,384.0,0.02114447988430715,STERTOOLS
690865.9358131886,667557.2060365677,918,2564,2535,45779.39929199219,0.032525369034039964,ASTRAL
174131.3412539959,174874.3660080433,1342,3735,3733,101.3000030517578,0.004848781104072363,NLCINDIA
407335.3974952698,415535.9048089981,1015,2867,2865,1265.199951171875,0.023238116115381624,SUDARSCHEM
212097.31579065323,208898.3375735283,1060,2999,2974,2570.000076293945,-0.0029655167416254105,WELENT
225342.2691783905,223587.0124282837,872,2387,2377,2561.000061035156,0.0035756421281552112,BRIGADE
324242.59161376953,322000.6255607605,724,2016,2012,254.6000061035156,-0.006129256606956878,HMVL
808891.8003158569,798337.56016922,891,2454,2404,35820.001220703125,0.031235031760985042,MOTILALOFS
189546.04027676582,190449.2967698574,1209,3402,3401,106.6999969482422,0.0053282911558855915,NRBBEARING
246419.37826538086,244666.29013061523,195,559,557,594.7000122070312,-0.0047008807940058595,BANDHANBNK
601510.9216918945,594624.4184265137,324,954,935,20129.549072265625,0.022016301498957832,THYROCARE
108164.54983520508,108124.69973754883,108,286,283,1279.0500183105469,0.011456617926504473,WESTLIFE
1664320.8301048279,1682274.0362434387,1380,3815,3809,11590.5,0.017751208543577514,RELIANCE
324167.38943481445,326214.2573547363,219,627,622,3363.2501220703125,0.016689272944526354,HDFCLIFE
62348.12018203735,53128.49962234497,88,229,226,121.31999588012692,-0.1459274239102641,UTISXN50
40598.917185783386,40553.77510356903,378,1137,1131,138.2999954223633,0.0022945910794051703,ORICONENT
140860.8893890381,135604.64234924316,201,583,571,3402.599853515625,-0.013159417027105248,HGINFRA
230941.21339178085,228749.02123594284,1356,3751,3750,62.599998474121094,-0.009221360389023069,KTKBANK
230000.98740005493,219227.38677215576,731,2043,2025,1964.7000274658203,-0.03829940340695792,PIONDIST
2737899.466632843,2745567.8894119263,1208,3402,3399,6616.650146484375,0.00521753011739904,AKZOINDIA
23150555.206335068,23288986.100767136,1285,3618,3608,278400.0,0.0180052223679717,SHREECEM
31470.345525741577,29366.63004875183,227,666,634,1544.0,-0.017785488771704765,AARVI
154292.0953760147,154879.08052158356,1023,2889,2875,1997.0999145507812,0.0167480067842888,JKPAPER
30868.27307319641,29740.76072692871,247,728,714,604.8000106811523,-0.01693364362648555,HUDCO
419284.9174890518,420954.9888238907,1208,3402,3399,936.75,0.006217302903357919,AMBUJACEM
270855.8981933594,268759.84072875977,387,1158,1154,325.79998779296875,-0.006535790760380209,ARROWGREEN
2384775.019641876,2383659.56111145,1208,3402,3399,3525.599853515625,0.001010636770026018,BEML
0.0,0.0,0,0,0,0.0,0.0,EBBETF0425
641890.7108192444,639086.7044715881,950,2676,2658,18932.40087890625,0.025126387186169667,GRINDWELL
1510665.7202835083,1508366.8261489868,1207,3402,3399,1368.3000183105469,-0.00061601590856003,SMLISUZU
204914.88600814342,204558.1852414608,1192,3374,3350,1842.0,0.007248371566613997,NCC
495533.8471374512,496329.439743042,964,2710,2702,3347.60009765625,0.008361069031270091,JKLAKSHMI
1794287.684621811,1810214.2194080353,1208,3402,3399,7654.94970703125,0.013142532658148394,ASIANPAINT
1429510.5188598633,1413571.5478973389,909,2516,2498,4883.3997802734375,-0.007733815901591675,BFUTILITIE
901904.5317349434,902285.7284760475,1380,3815,3809,6215.69970703125,0.0073144065874081975,TATASTLLP
199873.57028388977,200122.76372241974,1208,3402,3399,459.3000183105469,0.003544708066375203,TATACOFFEE
1955848.538860321,1960741.0222892761,1208,3402,3399,4651.650146484375,0.004879791755756736,SWARAJENG
99790.26244354248,90824.09047698975,227,666,634,12875.2001953125,0.03917244160943403,JASH
204440.02910995483,197023.64043617249,704,1991,1960,2469.150047302246,-0.02419897242246678,RAMKY
7041.050140380859,2329.8500061035156,10,22,7,6250.500183105469,0.21861796438575884,JUBLINGREA
171321.3996489048,169900.91640377045,1208,3402,3399,397.1999816894531,-0.00597288643182902,PRSMJOHNSN
,1748342.0696105957,1209,3402,3401,1511.3499755859375,,COLPAL
463397.0591888428,469708.9825744629,1380,3815,3809,2406.6000366210938,0.018814369339120587,HINDALCO
145544.67011654377,147609.22211897373,1380,3815,3809,325.7999954223633,0.01642349387262529,KARURVYSYA
492488.91998672485,498492.96516418457,446,1339,1336,1732.6499633789062,0.015709379088258812,CAPLIPOINT
405537.1646182537,406684.7397470474,1208,3402,3399,1568.25,0.006696858798009838,CANFINHOME
128981.2245759964,127065.02483272552,728,2034,2015,2898.4500579833984,0.0076154519228787245,MANAPPURAM
1159467.974603653,1163413.072353363,1380,3815,3809,5297.400146484375,0.007971326589985265,CIPLA
2210313.2448120117,2236281.8963012695,344,1022,1010,39485.3994140625,0.029613020261699246,TEAMLEASE
931858.207824707,839278.4875488281,206,605,571,98156.29833984375,0.005984363304566032,GALAXYSURF
93319.41853237152,92844.91586780548,646,1863,1849,1163.3999786376953,0.007382143233486652,BROOKS
57359.109550476074,57042.98016357422,163,468,461,969.8500213623045,0.011396980176011526,TEMBO
987512.8960559368,992880.7528709173,1380,3815,3809,8679.0,0.014224479367391305,TITAN
379771.3269176483,384813.03252220154,1208,3402,3399,1281.3000183105469,0.016649507676588984,ANDHRSUGAR
721800.096862793,786954.7686767578,230,669,668,3954.75,0.09574593036817208,DIXON
1636242.1903381348,1635352.7308654785,602,1762,1748,21023.100341796875,0.012304804868147265,MCX
1138885.6279067993,1115903.7012224197,1201,3392,3368,64395.59765625,0.03636332741153839,GARFIBRES
2023098.7318267822,2015491.7492370605,547,1599,1590,24519.59912109375,0.008359758357468107,VMART
198612.34985351562,190280.89819335938,31,83,80,7941.150146484375,-0.0019651422177912785,GLAND
180115.0035018921,180026.82103729248,711,1993,1988,467.249984741211,0.002104586029878513,GPPL
386614.8169789314,389787.49773573875,1380,3815,3809,2843.1000366210938,0.015560140297872367,MARICO
238803.39666748047,238533.39251708984,509,1480,1470,1760.5000305175781,0.006241518759477194,ABFRL
87885.0998840332,87415.30006408691,53,124,111,19836.049682617188,0.22035873985721352,AARTISURF
290591.67528533936,289792.94850730896,1208,3402,3399,220.95000457763672,-0.0019882771001110927,KOTHARIPRO
