totalInvestment,totalNetWorth,NumberOfTrades,totalBuy,totalSell,currentStocksInHandValue,stocksInHand,name,stockGrowth,profitPercent
394694.2967057228,472972.6691007614,429,22200,20700,111000.0,1500,MARKSANS,30.242588531162415,0.47955689751494246
2399166.7945861816,2894732.3120117188,202,10700,9500,731159.9853515625,1200,THANGAMAYL,9.903307246748005,0.5113131381883311
6217427.117347717,5677822.433662415,365,19200,17300,1580989.9536132812,1900,STAR,38.880648032601464,0.16749456813451502
13974.290466308594,0.0,1,100,0,86875.0,100,OAL,4.317027423954079,5.216773596444975
540695.7679271698,660917.5844192505,251,12900,12200,113995.00427246094,700,KABRAEXTRU,75.6373176316254,0.4331767227667481
141994.80743408203,26925.222778320312,7,600,100,147899.99389648438,500,SUMICHEM,0.4768398668603836,0.23120851976198814
100827.46276855469,65790.00244140625,3,200,100,98195.00122070312,100,SBICARD,0.4437574865399326,0.6263922463122
334088.17871809006,396697.3426103592,374,19100,18300,74840.00244140624,800,WELSPUNIND,9.878138459153371,0.41141583297282003
1273513.0155563354,1102353.7864685059,286,15900,12700,356160.00976562494,3200,BLISSGVS,2.057096673571949,0.14526807218925644
223813.7393951416,40803.87725830078,116,10900,700,64769.9990272522,10200,JUMPNET,-0.8858722443160295,-0.5282958205744329
1484452.5207519531,1913525.244140625,51,2600,2500,94534.99755859376,100,TCIEXP,1.7434697937581631,0.3527278330748031
5345857.455635071,6555252.040672302,279,14000,13900,123844.9951171875,100,SOLARINDS,26.01524742934602,0.24939676959568954
1477055.0018310547,958074.9938964844,49,3100,1800,650455.0079345703,1300,TCNSBRANDS,-0.24091635049503154,0.08901158036567015
4058673.711490631,5748265.509796143,379,19000,18900,67934.99755859375,100,TATACHEM,26.8755059344083,0.43302983210705487
9526307.95288086,10348162.860107422,217,10900,10800,153400.0,100,QNIFTY,4.197357383439444,0.10237490873173324
3240964.32762146,4697141.740512848,509,25500,25400,91670.00122070312,100,MFSL,14.476364494437279,0.4775885377448923
832265.0032043457,169859.9983215332,103,8300,2000,335160.00480651855,6300,SEYAIND,-0.882239900777291,-0.3931980785162795
3420981.629180908,4465085.627746582,243,12200,12100,69625.0,100,SANDESH,6.498396937106362,0.32555831024217924
1642445.9407806396,1558320.453262329,392,20300,18900,441980.01708984375,1400,CCL,60.475625807303466,0.21787903071040998
858190.0548934937,1053335.835647583,301,15100,15000,17039.999389648438,100,SASTASUNDR,0.6449992458006415,0.24724800635224242
5561597.650146484,6830247.772216797,113,5700,5600,164059.99755859375,100,INDIGO,0.9727651506894839,0.2576076533675842
1449900.4405736923,2785929.954600334,593,29700,29600,99670.00122070312,100,VAIBHAVGBL,109.80192971206986,0.9902055858947609
5104189.625501633,4897792.161035538,390,20700,18300,1841760.05859375,2400,M&M,17.907373571955976,0.32039612830154873
512782.0217847824,656084.081697464,326,17500,15100,352079.99267578125,2400,GUFICBIO,4.465697410203486,0.9660675131788796
639370.0042247772,502193.28927993774,390,21500,17500,328399.9938964844,4000,JTEKTINDIA,9.056105648341774,0.29908077902950597
1498431.6815376282,1640895.2962875366,318,16300,15500,264400.0,800,FDC,26.218041607461334,0.27152630297592345
5104669.707608223,6388286.40794754,473,23700,23600,90384.99755859376,100,KAJARIACER,373.84626476375183,0.26916564177502783
168219.64859962463,225193.96438598633,394,19800,19600,2920.0000762939458,200,3PLAND,-0.5426693583352854,0.35604827593718613
3825559.0209960938,4276929.962158203,77,3900,3800,154921.9970703125,100,UTINIFTETF,1.0068430142944282,0.1584847952690993
825668.4432983398,910164.5080566406,59,3100,2800,171900.0,300,SYNGENE,2.719173267206119,0.31053150552062075
4438686.846525408,5798602.655006759,617,32000,29700,869169.9859619141,2300,KALPATPOWR,355089.93598832726,0.5021948768898141
4147382.819366455,212350.0,122,10900,1300,1357439.94140625,9600,ARVINDFASN,-0.772100908833084,-0.6214986631868125
4904902.097129822,5702594.841957092,196,9900,9700,523210.009765625,200,TORNTPHARM,142.4859760082495,0.26930257290269705
446571.66442871094,179868.3334350586,64,4800,1600,295680.0048828125,3200,MMP,-0.40920712831334766,0.06488695140617433
1394313.8068199158,1060864.7174835205,341,18900,15200,855995.0225830077,3700,VIMTALABS,0.526092867106176,0.3747692454099772
135159.99946594238,202040.00053405762,39,2000,1900,110290.00244140625,100,ADANIGREEN,34.01269918774802,1.310816840852125
3490323.4045028687,4744670.378684998,331,16600,16500,178550.0,100,LINDEINDIA,161.50944256199745,0.4105341563287653
84667.43755340576,102663.66481781006,59,3000,2900,3975.0,100,NACLIND,0.32689611543595254,0.25950032148481506
3500061.190223694,3683559.024620056,152,7900,7300,848850.0,600,HDFCBANK,96.42723664775882,0.29495136750177314
2739991.9311523438,3125458.7829589844,67,3400,3300,115794.9951171875,100,MGL,1.5309694314219264,0.18294281863560638
2281556.9107055664,1649146.1791992188,102,6500,3700,1516900.0,2800,MAHLOG,0.28446117981154406,0.38766916763874454
502927.8518676758,736405.8456420898,49,2500,2400,38004.99877929688,100,CROMPTON,1.9027404822820873,0.5398050466792207
1112423.2857227325,1110879.287147522,153,8000,7300,374219.98291015625,700,DABUR,80.5949878142887,0.33501275019860904
4138341.0850524902,6045196.297454834,107,5400,5300,255869.9951171875,100,PIIND,36.68332243982643,0.5226068038062889
1443847.8981018066,2027302.333831787,204,10400,10000,108940.00244140625,400,PRESTIGE,0.520488226452159,0.4795480459414469
687808.9939117432,955966.6889190674,193,9700,9600,51509.99755859375,100,IGL,27.60555007170434,0.4647623037725738
567116.3524627686,785623.6415863037,165,8500,8000,86875.0,500,CAMLINFINE,1.0315060706758188,0.5384826020222784
554337.5444412231,711726.72290802,255,13000,12500,24700.000762939453,500,INSPIRISYS,-0.1559507108441305,0.3284806902503487
3339778.9447784424,3209605.932235718,379,23400,14500,1645609.9456787112,8900,SPARC,-0.3721211481841233,0.4537536639978185
1653141.8726682663,1406676.3947486877,188,10800,8000,254940.00854492185,2800,ZODIACLOTH,18.68518012216942,0.005126317810621384
1542992.5624847412,1919346.7876434326,125,6300,6200,128180.0048828125,100,APLAPOLLO,48.39907190085379,0.3269842268254571
1804195.119357109,1605336.8002414703,705,41400,29100,104550.0,12300,HCL-INSYS,-0.26959274956835155,-0.05227168508761055
3725256.764984131,2935248.3695983887,118,7400,4400,2825100.0366210938,3000,APLLTD,21.644096900855295,0.54629567023792
730489.0333175659,904578.9556026459,296,15200,14400,173040.00244140625,800,ELGIEQUIP,55.80495194675877,0.4752021028296235
138519.45686340332,225943.8217163086,51,2600,2500,20244.99969482422,100,KPITTECH,0.9927714933061177,0.7772869384977759
82574893.80493164,112532554.44946289,139,7000,6900,2962984.9609375,100,PAGEIND,134.601703905855,0.3986762088152104
5335524.953725934,5769769.351893663,637,32100,31600,255074.9969482422,500,RAJESHEXPO,1658.7317985299007,0.1291942969237923
1621292.753124237,2131773.4729766846,489,25000,23900,183205.0033569336,1100,INDIACEM,1.5596152353446187,0.4278596335378951
4150943.8220977783,2960531.7558288574,242,14500,9700,2120400.0,4800,SHILPAMED,6.001728452165553,0.2240425246856479
465296.7618942261,238019.3723678589,125,8200,4300,148200.0,3900,GPTINFRA,-0.63065044487809,-0.1699504402404234
37139.999866485596,44790.00000953674,68,3800,3000,19039.999389648438,800,BIRLATYRE,0.6701753850568805,0.718632192478388
0.0,0.0,0,0,0,0.0,0,UTIAMC,0.38105589364955494,0.0
1150334.8161935806,1265842.8668141365,586,31100,27500,374940.00549316406,3600,GSFC,13.705791372278227,0.4263524403587089
324000.31094551086,212529.4008731842,250,14600,10400,297780.0064086914,4200,JAMNAAUTO,5.029842611329875,0.5750275232535116
953573.3125925064,1228168.052148819,427,21400,21300,25239.99938964844,100,BSOFT,86.08090525974467,0.3144328128592357
908044.584941864,1600632.580590248,467,27600,19100,463674.99351501465,8500,USHAMART,19.404380784399304,1.2733548642189485
6725009.47265625,1678999.70703125,115,9300,2200,3881925.0,7100,DIAMONDYD,-0.5351251712542036,-0.1730978625915911
1527901.7380714417,1165349.517440796,577,37400,20300,271035.0065231324,17100,IOB,0.9714924782856154,-0.05989731657942146
101094.99998688698,146161.2499475479,517,26300,25400,11834.999656677244,900,PILITA,1.7395831449992198,0.5628492964510494
6302297.919559479,6832665.170478821,805,47600,32900,589469.97756958,14700,NETWORK18,-0.3688427037087428,0.17768712980283818
1714505.2825927734,2114261.8759155273,327,17000,15700,138904.99801635742,1300,IRB,-0.2715603685534331,0.31417902109027995
1474976.7483234406,1259266.5266513824,268,14600,12200,440159.98535156256,2400,EXIDEIND,59.95819214483737,0.15217173012024043
1144242.3792362213,1023825.0053405762,537,32100,21600,283500.0,10500,VIVIMEDLAB,-0.32352644610935055,0.14252454642801474
10791129.978179932,3267700.0173568726,1309,102200,28700,28767899.5513916,73500,WELINV,2.7598462981129157,1.9686974055104196
3046994.468688965,3168481.273651123,287,14500,14200,77385.00366210938,300,DLF,-0.48202135866022905,0.06526818826482363
4452264.761543274,2636371.739387512,185,10600,7900,3916350.0,2700,KIRLOSIND,385.2727277460284,0.4717727022856035
3416178.2062530518,4431616.952133179,350,17600,17400,152109.99755859375,200,CYIENT,9.209309111093928,0.34177044432331205
3330889.7058725357,2513936.379122734,347,18800,15900,2211975.0,2900,GRAPHITE,269.7440732307664,0.41881352924736626
13351678.469276428,9697218.347549438,398,23500,16300,9183600.0,7200,ECLERX,6.279008083339168,0.4141157151886277
1224601.7142772675,544521.2646007538,475,29000,18500,307649.99198913574,10500,RSSOFTWARE,1.9563181290349152,-0.30412374353663063
6786768.802928925,8988332.73806572,483,24200,24100,205630.0048828125,100,IPCALAB,107.04384235544825,0.3546892504988161
1790014.9948120117,1667260.0044250488,285,16300,12200,954889.974975586,4100,FORTIS,1.325511636026313,0.46487598539699065
1820218.3288574219,1745074.0295410156,29,1700,1200,724974.9755859375,500,ICICIGI,1.1630139598103,0.3570069952418508
1299871.6917991638,1373137.1002197266,295,15800,13700,307964.9871826172,2100,DELTACORP,5.896256440448654,0.2932830970997727
372090.3254508972,502140.2307510376,393,21000,18300,227339.9917602539,2700,TNPETRO,5.011905725739869,0.9604923122559313
4112095.4399108887,4963277.062988281,173,8800,8500,240345.00732421875,300,DHANUKA,9.643604785876795,0.2654429223134143
645800.004196167,497255.00259399414,125,7600,4900,257039.99176025394,2700,SCHNEIDER,0.5493184108715546,0.1680009127487166
4497344.23828125,5022373.779296875,48,2500,2300,581489.990234375,200,ALKEM,1.2100987703512085,0.24603843348955617
7892805.92250824,10271788.32988739,463,23200,23100,369075.0,100,TATAELXSI,98.49842593243912,0.3481724287103528
948315.0011062622,1097825.001335144,478,26500,21300,626600.0,5200,ITI,2.270013703925236,0.8184094940220352
888321.1352825165,1379449.5428085327,511,25800,25300,121775.0015258789,500,HEIDELBERG,9.483131062839998,0.6899570264721563
257389.9990081787,206250.0015258789,65,4000,2500,93899.99771118163,1500,SPICEJET,-0.5724043641806166,0.16612922177882722
22263672.860717773,26480920.050048828,145,7300,7200,1349559.9609375,100,PGHH,43.3893023324911,0.2500399276029015
823439.3249511719,963435.1196289062,23,1200,1100,146534.99755859375,100,POLYCAB,1.2650962267287515,0.34796831236268533
2282088.0630493164,3299578.644180298,345,17600,16900,291234.9914550782,700,TORNTPOWER,6.510830876953572,0.5734772438349053
889004.8914670944,627642.5159931183,479,29300,18600,92020.00408172607,10700,ENERGYDEV,-0.9276086777679784,-0.19048530893096677
14408213.078308105,15046532.148742676,265,13400,13100,2325285.05859375,300,SANOFI,31.570567537504168,0.20568852729490059
2870400.0366210938,4286314.227294922,101,5100,5000,92884.99755859376,100,AUBANK,0.6405871120426793,0.5256407361283735
747746.163392067,487727.74143218994,366,20400,16200,786870.0256347655,4200,NOCIL,23.058250020696505,0.7045861676974512
3677378.24344635,4565406.578445435,203,10200,10100,63920.001220703125,100,KSCL,14.405236379951052,0.2588660380303019
23220.0000166893,8730.000042915344,148,10800,4000,8500.0,6800,DNAMEDIA,-0.868421052631579,-0.2579672682803042
4869960.991668701,6790932.905387878,375,18800,18700,93434.99755859376,100,KSB,33.528912229808334,0.41363922929237484
2696749.9923706055,3442864.9993896484,253,12700,12600,68990.00244140625,100,PDSMFL,1.9054539199023128,0.30225457004411554
1268370.204925537,928888.2070541382,381,22200,15900,521325.0,6300,TIMETECHNO,1.2262749803285509,0.14336745015172966
806458.0128669739,1281500.0149726868,489,24500,24400,13989.999389648438,100,TRIVENI,3.457668343207439,0.6063948695318223
4578158.431434631,3933101.985645294,631,34000,29100,1753465.0299072266,4900,FINCABLES,15.19876244026583,0.24210795688225095
37949.99986886978,49944.999957084656,168,8900,7900,8000.0,1000,GENUSPAPER,0.6666666004392862,0.5268774745007756
2684443.949508667,2032213.7599945068,321,17600,14500,919150.0,3100,TECHNOE,2.4592713115240747,0.09943206694060201
770104.4586181641,730395.7376480103,368,21300,15500,356700.0,5800,NFL,1.5731408902984205,0.41162114500497643
22552855.781936646,24862114.694213867,355,19100,16400,10286189.868164062,2700,ASTRAZEN,78.78716689602278,0.5584857590642428
19763843.7789917,23594964.848327637,380,19100,18900,704939.990234375,200,BAJAJHLDNG,11.195361686769937,0.2295131003004584
5430088.4967803955,6885556.211471558,353,17700,17600,222069.9951171875,100,MINDTREE,16.42869623080074,0.30893376982769144
2014558.3381652832,1635794.297027588,520,31700,20300,1320689.9826049805,11400,SCI,2.0935501680757866,0.4675595258885004
1313335.8130693436,3371112.248969078,539,27000,26900,87154.99877929688,100,TANLA,3.9481070715485163,1.633193440195771
7325296.424484253,10190750.8518219,397,19900,19800,192490.00244140625,100,RATNAMANI,26.044010369101244,0.4174499231946578
1357511.3759994507,1724089.1619682312,1126,68200,44400,3796100.0,23800,REMSONSIND,2.980754656911468,3.066403611464443
1895187.7815246582,1011558.3358764648,96,6400,3200,596160.009765625,3200,RBLBANK,-0.3651168948431569,-0.15168387992207416
897585.4737281799,782875.3029823303,158,8500,7300,246420.00732421872,1200,ITC,18.596780022605113,0.14673793241250188
4570227.265167236,5695463.489151001,109,5500,5400,331085.009765625,100,APOLLOHOSP,59.99453134706972,0.3186540076133608
477125.7713317871,356320.32203674316,90,5600,3400,185460.0067138672,2200,EQUITAS,-0.3622388551090293,0.13550841581739523
515919.518661499,620705.5213928223,97,4900,4800,21455.00030517578,100,POWERGRID,2.01916001608272,0.24469127154564443
1042789.9967193604,525555.0003051758,152,9900,5300,533140.007019043,4600,ABCAPITAL,-0.5119999935752467,0.01525236208143145
55500.0,21765.00015258789,8,600,200,46579.99877929688,400,WATERBASE,0.12397307059807357,0.2314414221961219
726274.9980926514,1018480.0018310547,83,4200,4100,117640.00244140625,100,ADANITRANS,41.62318870125385,0.564311049197821
4016547.8942871094,6631439.001464844,91,4600,4500,286000.0,100,LALPATHLAB,2.5932006667071548,0.7222349100589049
551352.233171463,532324.3338823318,259,13800,12100,275910.0051879883,1700,SESHAPAPER,33.8295005146638,0.465912878272446
32836355.992126465,41454984.47570801,433,21700,21600,1131845.01953125,100,BAJAJFINSV,24.444962606056986,0.2969413995100666
870976.9614875317,1075268.8035488129,429,22100,20800,427310.0158691406,1300,AEGISCHEM,528.8437625743314,0.7251648273815603
21114412.197875977,28067043.884277344,331,16600,16500,648189.990234375,100,ULTRACEMCO,21.465245164896707,0.3599826320242225
274387.708902359,280801.119184494,380,19300,18700,19709.999084472656,600,KOTARISUG,-0.7075470820252965,0.09520619371439737
2751545.0320243835,3053776.0771751404,250,13200,11800,795900.0,1400,BHARTIARTL,36.83473485145634,0.39909615593055847
52764.999997615814,32945.000076293945,183,9600,8700,2700.0,900,ROLLT,-0.8,-0.32445749876045554
3095825.23021698,3738617.5941467285,335,16800,16700,38454.99877929688,100,GESHIP,20.046675477220962,0.22005355989081404
473598.830640316,607691.3055300713,342,17500,16700,91400.0,800,ASHOKLEY,123.65400640881819,0.4761254891294484
3946125.673866272,3622108.9099884033,491,27300,21800,372075.008392334,5500,BANKINDIA,1.9880121754383921,0.012178589453634809
15980195.610809326,20647984.125709534,359,18000,17900,1163059.9609375,100,BHARATRAS,380.3926697457701,0.3648796684249349
6802307.781982422,1251823.681640625,25,2100,400,6864939.9169921875,1700,GMMPFAUDLR,4.762371591404345,0.19323674534869603
79557.69958496094,82960.00022888184,59,3000,2900,3652.000045776367,100,ICICINXT50,0.1930351960062258,0.08866898774723703
4897405.863952637,6376419.637298584,167,8400,8300,121550.0,100,UBL,7.017364261192595,0.3268186909169402
2531459.671020508,4500042.715263367,715,36100,35400,264425.0,700,KEC,120.62709465160333,0.8821029502487259
1331158.058166504,1560887.3352050781,63,3300,3000,299625.0,300,VBL,2.32624422491754,0.3976644800300353
626062.4786376953,640503.1021118164,65,3300,3200,51675.0,100,SALASAR,1.0448675290651457,0.10560547186598361
1691330.093383789,832322.7478027344,74,5000,2400,961479.9682617189,2600,COCHINSHIP,-0.1892819834240977,0.06058700373245912
3608363.650894165,1155888.786315918,322,23100,9100,1744399.9786376953,14000,CAREERP,-0.7992944520638853,-0.1962315759846124
1709557.1502685547,2591626.222229004,134,6900,6500,190700.0,400,ISEC,0.18253996069389067,0.6275128455295734
14697665.703201294,13508161.742782593,500,27900,22100,4997279.8583984375,5800,GODFRYPHLP,10.026390703323784,0.2590735137723513
1352118.7244415283,1520885.5266571045,181,9100,9000,57095.001220703125,100,CARBORUNIV,1651.5407584353284,0.16704287822770003
0.0,0.0,0,0,0,0.0,0,MAXHEALTH,1.0344519561835848,0.0
2756374.561357498,4472331.081831455,377,18900,18800,96959.99755859376,100,VOLTAS,7423.739392700136,0.6577177657377958
1177524.6154785156,1468509.3307495117,98,5000,4800,82400.0,200,NH,0.23217146187162904,0.3170929170930853
2363689.921927452,1878643.1325912476,479,25000,22900,1298115.0512695312,2100,TVSMOTOR,64.7468559942248,0.34398262411269104
1186449.658203125,1098459.0858459473,129,6900,6000,123165.00549316406,900,COALINDIA,-0.20708542913045797,0.02964679781631689
1123579.1717529297,1634187.4130249023,103,5200,5100,79870.00122070312,100,CDSL,2.188401450214657,0.5255332755692266
2052805.5936813354,1732221.6003417969,410,22500,18500,901799.9877929688,4000,SILINV,7.501362690999881,0.28313250716115035
783574.9977111816,622134.9960327148,77,4600,3100,386400.00915527344,1500,CSBBANK,-0.14147636532731056,0.2870944174251522
3232738.3215904236,2875162.5507354736,371,22800,14300,1598000.0,8500,KIRLOSENG,20.90927909939271,0.3837069709170872
1492471.1608886719,1529557.5101852417,362,19100,17100,181500.0,2000,DCBBANK,0.933832936236005,0.146459345429774
2997014.533472061,4077987.447166443,305,15300,15200,143409.99755859375,100,KPRMILL,22.191621322260467,0.4085341921363724
5001149.123930931,3296316.659617424,509,27400,23500,3026594.952392578,3900,AMARAJABAT,166.41305361051195,0.26429175681931244
2546732.8508496284,2864692.8834676743,321,17000,15100,1321069.9768066406,1900,DCMSHRIRAM,164.98523634416475,0.6435814454892201
362166.5246963501,292538.54064941406,69,4100,2800,129934.99603271486,1300,TRITURBINE,1.8714229259321202,0.16651735561794892
847214.7992134094,1010586.4713668823,275,14600,12900,306679.9896240235,1700,REDINGTON,6.519977305274903,0.5548199372979703
2415197.5357055664,2017555.8532714844,165,9700,6800,909875.0,2900,SHARDACROP,0.4722174966735001,0.21208754563269133
1647030.6777000427,1550010.4078769684,317,17300,14400,323204.9911499024,2900,ONGC,11.145309138284711,0.13732878469676008
218514.2189025879,274191.9906616211,31,1600,1500,27414.999389648438,100,ORIENTELEC,0.9959666722212964,0.3802625365341732
7745292.687988281,9476967.28515625,93,4700,4600,271864.990234375,100,HDFCAMC,0.5352081365166822,0.2586783570502785
3169824.542236328,2335803.286743164,262,15800,10400,1128870.0164794922,5400,MHRIL,0.1188357993456996,0.09301737590128908
2105957.973098755,1817408.2877159119,383,20700,17600,1140179.9621582034,3100,GNFC,19.4377159475833,0.4043909174133479
523609.66360569,617989.781165123,336,16900,16700,69479.99877929688,200,GRANULES,40.40980870849474,0.31294326237287806
783326.9774436951,710741.8410301208,445,27700,16800,123170.00207901001,10900,UCOBANK,-0.18458009784838703,0.0645769482247556
1176335.00289917,993905.004119873,202,11400,8800,238940.00396728516,2600,MAHASTEEL,-0.3131539653976745,0.04803904079085884
340017.06857681274,410621.9662666321,273,15000,12300,32804.99897003173,2700,ANIKINDS,-0.7761459567527739,0.30413148696530773
56073030.49316406,138986554.08325195,2038,131600,72200,941513783.203125,59400,ABBOTINDIA,71.52284046183249,18.269519192798082
7864805.189037323,8418222.925949097,306,15700,14900,1722000.0,800,WHIRLPOOL,88.69764389572649,0.28931647793176835
1630173.120880127,1227584.2811584473,149,9200,5700,652750.0,3500,CAPACITE,-0.45105478186251813,0.15345680595154143
776106.7977905273,924540.0115966797,45,2300,2200,51500.0,100,UTISENSETF,1.0225488975830177,0.25761044018083024
3559026.3854026794,4648993.3608055115,549,27500,27400,101304.99877929688,100,AUROPHARMA,16.88961929089427,0.33471850028089767
16462399.201202393,16105318.24798584,668,38400,28400,5730499.8779296875,10000,WOCKPHARMA,3.417736063724819,0.3264055778893193
1348484.8578244448,2162578.816911578,481,25100,23000,665804.9743652344,2100,BALRAMCHIN,1768.6371769062923,1.097453134060354
2894748.0743408203,1614328.4622192383,243,15400,8900,1738099.9603271484,6500,BAJAJCON,1.3850231390166754,0.1581071431612533
487528.4225463867,701311.3143920898,74,3800,3600,44410.00061035156,200,PNCINFRA,2.1452970929126107,0.529595569233686
15804570.460510254,18218362.329101562,529,27900,25000,7109929.8583984375,2900,BASF,29.385578280050098,0.6025928860759605
0.0,0.0,0,0,0,0.0,0,ANURAS,0.3688306611528021,0.0
298361.2121582031,408340.45639038086,53,2700,2600,131030.0048828125,100,ATGL,16.410801746639187,0.8077767460845326
28551410.038757324,28851952.099609375,396,20900,18700,7843220.21484375,2200,OFSS,20.432701376021434,0.28523152673163915
0.0,0.0,0,0,0,0.0,0,LODHA,0.35787211176786676,0.0
5724038.635253906,4529908.947753906,92,5500,3700,1667160.0219726562,1800,GRPLTD,-0.39949637961262235,0.0826392630474748
204652.82735824585,233159.4099998474,267,13400,13300,2439.999961853028,100,NHPC,0.12500326482951538,0.15121502596825812
3505788.8080596924,2144929.3501853943,191,11100,8000,2106295.037841797,3100,SUNPHARMA,54.29203653556154,0.21262991605591502
16445444.724655151,19475415.533828735,333,17000,16300,2479364.9658203125,700,MAHSCOOTER,52.624109976384624,0.3350067977629242
329719.90966796875,316775.59814453125,5,300,200,227564.990234375,100,METROPOLIS,1.3910734876323503,0.6509181654424893
1003368.0152177811,1269241.3098573685,232,11700,11500,143090.00244140625,200,BERGEPAINT,1381.1716255497822,0.4075905259868466
4205454.531097412,4686893.91913414,463,23200,23100,47989.99938964844,100,JINDALSTEL,137.8354674218384,0.12589112152122636
3127260.6216430664,1778751.551246643,412,23600,17600,1726799.9267578125,6000,LGBBROSLTD,2.822351561922113,0.12096556767393268
5635360.662078857,7274922.519683838,389,19500,19400,73625.0,100,INGERRAND,6.183020928484915,0.30400660407296703
3218465.9986257553,1204524.158000946,562,30400,25800,287729.9964904785,4600,SUBEXLTD,-0.41656279770776883,-0.5363461490260893
2775370.7122564316,3033408.605122566,179,9100,8800,534104.9926757812,300,KOTAKBANK,798.2573799341826,0.2854187665970893
1614020.3308105469,1962562.6037597656,23,1200,1100,310789.990234375,100,FINEORG,2.8312983193245698,0.40850307186185375
1750450.5739212036,1229262.0970726013,484,31700,16700,85499.99713897705,15000,ANSALAPI,-0.9452977213094157,-0.2489007608673204
364784.9997520447,280625.000667572,193,12500,6800,107729.99782562257,5700,BALKRISHNA,-0.7843696601311525,0.06461339900810378
3340214.070892334,2209044.6144104004,188,11800,7000,2171039.9414062505,4800,MAYURUNIQ,4.136766060250651,0.31131851517723724
4557400.36907196,5620844.244003296,449,22900,22000,515700.0,900,RKFORGE,15.61066638504594,0.3465010196707607
750341.8214321136,920386.4911556244,227,11400,11300,15025.0,100,GAIL,21.142869701675657,0.24664714725654502
374721.9940185547,492172.97592163086,63,3200,3100,51104.99877929688,100,DYNPRO,3.0719376826037417,0.44981608598620676
3582985.8055114746,1275997.1435546875,122,8500,3700,1829280.029296875,4800,VARROC,-0.6276955501814852,-0.13332696767179036
3252818.4999465942,1209006.5841674805,413,29500,11800,3043514.9459838867,17700,HINDCOPPER,-0.5033668972699913,0.3073344025254364
94755.00011444092,85430.00087738037,40,2100,1900,12180.000305175781,200,PALASHSECU,0.07312778019169879,0.03013034736601857
7366099.710083008,9587151.669311523,221,11100,11000,211819.9951171875,100,ZYDUSWELL,10.567342908460502,0.33027953056561155
1835599.9996185303,1700750.0022888184,310,17600,13400,761039.9871826172,4200,MAHINDCIE,-0.16899796187926977,0.34113640770485865
703030.7060360909,490658.8706731796,290,16500,12500,418799.9877929688,4000,KCP,82.32752053048041,0.2936260829828681
30879.998779296875,0.0,1,100,0,83354.99877929688,100,HAPPSTMNDS,1.2470682311981036,1.699320015361569
3001054.4137001038,3301197.5482940674,522,28500,23700,1587600.0,4800,UNICHEMLAB,18.012972830615087,0.6290266267669902
1793635.009765625,2608015.0146484375,33,1700,1600,221044.9951171875,100,AAVAS,1.8545877456756745,0.5772774250962571
829450.2023696899,1256751.685333252,407,20400,20300,59734.99755859375,100,SONATSOFTW,76.49746740362444,0.5871798923319586
446930.0048828125,0.0,5,500,0,456075.0122070312,500,GOODYEAR,0.17050499588493082,0.02046183345111627
588336.5668296814,214489.20307159424,195,12600,6900,250800.0,5700,NBCC,6.807420099002906,-0.2091445113145727
904814.1532897949,632851.9016265869,188,11000,7800,277600.0,3200,L&TFH,0.885718815601329,0.006230835709514292
24895.000076293945,32725.0,7,400,300,13410.000610351562,100,HEMIPROP,0.4552360703527032,0.8531833889923636
269389.99977111816,99115.00091552734,103,7700,2600,180284.99221801758,5100,LEMONTREE,-0.5066294805122481,0.037157999075435426
1764080.0048828125,2522592.706298828,63,3300,3000,248039.99633789062,300,MASFIN,0.29364659930859294,0.5705822269782891
398908.7770700455,550114.7433757782,394,20800,18600,321529.9865722656,2200,MEGH,6.0639234900911525,1.1850728288061443
0.0,0.0,0,0,0,0.0,0,POWERINDIA,1.4116946094844187,0.0
4532474.507141113,5788496.147155762,262,13200,13000,249280.0048828125,200,GODREJPROP,4.199613511268207,0.33211475156138043
503855.0608634949,778670.537185669,357,18200,17500,86310.00213623045,700,KANORICHEM,23.64465786680655,0.7167249205347194
1065068.665778637,686672.655916214,491,32600,16500,82109.99846458435,16100,SUZLON,-0.9626500684679921,-0.27818489165788535
1762397.1072673798,1489542.7797317505,366,21000,15600,380970.0164794922,5400,BANKBARODA,7.463522110148716,0.06134581616029643
3803739.7972106934,4187723.795890808,311,16100,15000,631400.0,1100,CONCOR,24.01494639440221,0.26694360098571995
661753.5940587521,538183.8375210762,231,13000,10100,421079.99114990234,2900,ICIL,16.842866339083674,0.44957857015554464
45636034.17510986,33333650.79345703,316,17200,14400,15670480.2734375,2800,GILLETTE,18.41395389310931,0.07380345274659396
1138052.7404785156,1096883.0215454102,287,14700,14000,266804.99572753906,700,BIOCON,9.834176017626811,0.19826434115835528
11561501.576805115,15009977.561378479,427,21400,21300,134269.9951171875,100,LT,41.34180003158968,0.30988587043730714
1895938.0581855774,2150520.298242569,186,9400,9200,140419.9951171875,200,GODREJCP,131.00972798333697,0.2083413186779943
3093110.941886902,1626941.3677215576,198,12500,7300,1095900.0,5200,SIYSIL,52.09199012384593,-0.11970782203481758
818290.898513794,1472688.8669967651,309,15500,15400,28779.998779296875,100,SRHHYPOLTD,12.696983560723655,0.8348839862487505
882403.7834644318,1536542.277765274,561,28400,27700,163239.99786376953,700,EPL,23.13146703751526,0.9263089160332901
2837271.640777588,1338140.0024414062,245,18000,6500,1619775.0701904297,11500,SREEL,-0.5268940774283158,0.04252093106643264
378815.26799201965,418735.6300354004,368,21000,15800,132600.0,5200,NECLIFE,0.058600657631511455,0.45542082545367507
1016475.4167437553,632137.602353096,487,26100,22600,177275.00534057617,3500,VAKRANGEE,17.95031349326985,-0.20370665698281407
348090.0011062622,229079.99992370605,92,6600,2600,162399.99389648435,4000,ASTRON,-0.6637681285787073,0.124651649217245
825888.1713867188,914450.6652832031,17,900,800,119425.0,100,IIFLWAM,0.014266165952478874,0.2518349349249792
771448.5336303711,1110241.960144043,81,4100,4000,35075.0,100,NAM-INDIA,0.3401472259755015,0.4846317158116549
350117.5347328186,313508.93137454987,595,34500,25000,127774.9981880188,9500,TTML,0.3990560695893981,0.26038797199723485
0.0,0.0,0,0,0,0.0,0,EMAMIPAP,0.0,0.0
8028922.408294678,6405235.81237793,289,15400,13500,1759780.0231933594,1900,INDUSINDBK,66.14783063574546,0.016950397619487922
438444.0504550934,627675.9478569031,581,29100,29000,3515.0001525878906,100,HFCL,-0.2683619717529261,0.43961572144571553
14460671.166038513,13315712.927055359,323,17300,15000,4262359.8876953125,2300,CRISIL,83.39823095713824,0.21557793638468908
8932403.21111679,5337493.093299866,227,13600,9100,5384475.2197265625,4500,LUPIN,178.4052240946545,0.20034531129119212
1396364.6374702454,1717741.3642644882,611,30700,30400,43275.0,300,SAIL,14.291486867427151,0.26114362753762665
1664101.568198204,2203700.704884529,261,13100,13000,100200.0,100,HAVELLS,765.0066142391597,0.38447120591266776
1958825.8136749268,1564124.5582580566,179,10400,7500,448050.0,2900,M&MFIN,2.7325150192237038,0.027235063072322402
2272169.1353797913,3021546.4789390564,319,16000,15900,337135.009765625,100,NAVINFLUOR,89.16979214343273,0.478182867818632
1629909.9975585938,2768754.9560546875,29,1500,1400,529114.990234375,100,AFFLE,5.056372408267722,1.023344817338914
251043.115234375,144331.11572265625,3,200,100,220739.990234375,100,CAMS,0.5893624020888187,0.4542167611973712
1720680.712890625,3066833.479309082,183,9200,9100,99479.99877929688,100,POLYMED,31.12642974189606,0.8401516646102173
847944.5024013519,679434.0259552002,395,22700,16800,287330.0045013428,5900,HSCL,0.6947073966487269,0.14012653861036647
1613042.9638385773,1786052.3562431335,649,34800,30100,352500.0,4700,ENGINERSIN,3.1710519979183776,0.32578759784178063
1129771.874254942,1112818.4989571571,289,15700,13200,774625.0152587891,2500,HINDZINC,325.067358009873,0.6706412659287265
216249.54135417938,176383.63485336304,273,14500,12800,7139.999675750732,1700,KANANIIND,-0.8434429059999572,-0.15133399414459905
106881025.27160645,137558079.83703613,317,15900,15800,2473094.921875,100,3MINDIA,85.17055476916376,0.31015935151317464
6385735.004091263,8752405.00421524,497,25900,23800,1995209.948730469,2100,IFBIND,119.26581824259435,0.6830662321658889
946090.3495311737,1253438.1945610046,686,34900,33700,244079.99267578128,1200,PHILIPCARB,60.90836007483388,0.582849024914869
1992493.9985990524,1168628.3423423767,341,18800,15300,721524.9786376954,3500,KRBL,187.90845958644258,-0.05136310457694599
2273732.4768066406,2577238.9587402344,63,3200,3100,163190.00244140625,100,DALBHARAT,0.4505423858466997,0.2052556706365276
1040277.7262210846,1321118.9506530762,399,20000,19900,78179.99877929688,100,AARTIDRUGS,111.32942313612025,0.3451205521005144
6651546.017837524,7096313.263702393,386,19700,18900,670520.01953125,800,CUMMINSIND,33.19807539714039,0.16767338937522797
1031361.1381530762,1105694.4900512695,149,7500,7400,12255.00030517578,100,OIL,-0.07497287610079274,0.08395541483987694
2056343.019104004,2455247.2702026367,420,22200,19800,188879.99267578125,2400,IBREALEST,2.7917221903908156,0.2858395891705486
2224527.9748916626,2222796.3653564453,355,18900,16600,529919.9859619142,2300,SWELECTES,2.4430939538954273,0.23743840598472143
1902170.858669281,2152409.927082062,304,15400,15000,114740.00244140625,400,HUHTAMAKI,22.717488894256093,0.1918750196338928
798653.7605285645,951142.1321868896,183,9200,9100,10505.00030517578,100,NTPC,1.7372547444825954,0.20408514930879287
424328.2926559448,440133.48960876465,293,14700,14600,2404.9999237060547,100,GMRINFRA,0.18040795142710542,0.04291534925127212
1424229.0400028229,1724848.9683628082,350,17800,17200,265889.9963378906,600,BPCL,29.302174224356747,0.39776602553810664
429189.99786376953,292602.001953125,43,2700,1600,226259.00268554688,1100,SETF10GILT,0.41325933556755257,0.20893079340438192
3679073.666572571,1993741.613960266,236,14600,9000,1901479.931640625,5600,RML,4.162750517632328,0.058750625461023706
10037041.046142578,12419731.313705444,475,23800,23700,186305.0048828125,100,SIEMENS,41.152701152505664,0.255951456274356
32064.58864212036,44272.02262878418,43,2200,2100,2814.999961853028,100,RVNL,0.6159227223457022,0.46850543183901094
708362.8234863281,829500.9998321533,425,21300,21200,3779.9999237060547,100,SHRADHA,-0.42871219292044355,0.17634773046773572
2296468.7727093697,2357078.9602041245,1264,65300,61100,236669.99359130856,4200,KEYFINSERV,6.817927635626636,0.12945100086657516
1106136.1770629883,961152.1728515625,114,7000,4400,477230.0079345703,2600,QUICKHEAL,-0.21631856998255133,0.30036627552072637
7167819.762039185,7979473.901557922,472,24100,23100,842700.0122070312,1000,BLUESTARCO,91.19263909128118,0.2308029786808031
693346.9284057617,873707.3482513428,221,11100,11000,13119.999694824219,100,RECLTD,3.5222913554793513,0.27905282566879175
1880339.5751953125,2050569.9310302734,81,4100,4000,82075.0,100,HATSUN,5.327006445142653,0.1341807400978378
225210.1261138916,154270.55072784424,147,9000,5700,80355.0012588501,3300,ORIENTHOT,4.776073324711279,0.04180729363848069
1009394.7139263153,873833.1513404846,488,27900,20900,307650.0053405762,7000,MRPL,2.4220183091122163,0.1704867683379881
1909863.2853984833,1771913.0841255188,496,27900,21700,537230.0094604492,6200,NBVENTURES,45.2579314723235,0.20906198430018882
1778141.562461853,3008299.8167037964,209,10500,10400,240344.9951171875,100,BALAMINES,99.91609068305243,0.8269888519579992
30955.000126361847,31245.000100135803,115,5800,5700,590.0000095367432,100,SHYAMCENT,-0.37894735838237564,0.028428363098641222
1812500.0061035156,1076994.9890136719,47,3200,1500,1018555.0415039062,1700,SPANDANA,-0.2932884724688462,0.1561655301853262
12429588.269042969,14403838.040924072,312,16200,15000,2285700.0,1200,ACC,16.008560642111174,0.34272653926042745
31210.0004196167,0.0,14,1400,0,29540.000534057617,1400,IRFC,-0.11324393477630067,-0.05350848648208996
1840141.5435791016,1221432.345199585,211,11500,9600,353875.0,1900,ZEEL,4.6128998363068225,-0.14392055834162099
7406605.052947998,6536452.55355835,467,27300,19400,3685350.0,7900,SOBHA,-0.38555974527270076,0.380092833421682
1084232.8262154013,1481206.0563381761,477,23900,23800,129890.00244140625,100,ADANIENT,-124072.53457858373,0.4859318218608433
734912.3217582703,737105.5764198303,323,17700,14600,251409.9952697754,3100,JMFINANCIL,2.493950754897373,0.3450795998692637
7071070.060062408,5926294.2856788635,344,18000,16400,2162159.9609375,1600,BATAINDIA,74.9557282635043,0.1438798057312666
4812571.678638458,5014470.140552521,325,17100,15400,1637780.041503906,1700,RAMCOCEM,67.1223291001025,0.3822651642953687
679800.6200790405,806856.7764282227,253,12800,12500,35040.00091552734,300,JSWENERGY,0.4547158553871305,0.23844661578252535
1399348.604440689,1092817.360496521,307,18100,12600,73425.00209808351,5500,YESBANK,0.23057730762309733,-0.1665819661422078
43553.81944775581,64886.321288347244,419,21600,20300,19825.0,1300,TRIDENT,20.061752345067184,0.9449803108533605
245964.99876976013,58545.000314712524,120,7200,4800,182520.00732421875,2400,BIOFILCHEM,2.456818320534446,-0.01992149759249112
168741869.98138428,122666397.46704102,243,13900,10400,47713401.3671875,3500,BOSCHLTD,47.68652340226985,0.00970671270281013
5758234.381103516,4729885.738372803,415,25100,16400,1255410.026550293,8700,CANBK,3.5813011711709257,0.03943246641100874
979554.5293807983,440365.44303894043,163,12000,4300,430044.98825073236,7700,SKIPPER,-0.6613394327389895,-0.11142217693599792
295864.99943733215,280904.99997138977,732,46500,26700,167309.9962234497,19800,SGL,-0.897637801370315,0.5149307861600471
1124471.646118164,1517460.2722167969,63,3200,3100,56175.0,100,ICICIPRULI,0.9361018029302652,0.3994441546385002
785938.871383667,1128147.492980957,197,9900,9800,26895.001220703125,100,GSPL,6.792269030531411,0.469634008772433
2069123.420715332,1190268.75,120,8500,3500,1656999.9694824219,5000,ITDC,0.5864398752126435,0.3760748590328514
1060947.5692749023,1188150.83694458,284,14600,13800,515679.98046875,800,IOLCP,10.811984110884362,0.6059519497064327
2279912.2177124023,2246687.272644043,159,9100,6800,472880.0140380859,2300,UJJIVAN,-0.1012773356267295,0.19283859508014906
1593621.730041504,905927.0599365234,74,5100,2300,1323139.9658203127,2800,TCPLPACK,-0.2643668146086808,0.3987428658485867
0.0,0.0,0,0,0,0.0,0,ROUTE,1.463304169592459,0.0
10480117.900562286,11779883.413887024,367,18400,18300,150575.0,100,THERMAX,1685.9407043413278,0.13838971346371237
1127530.0003051758,427295.0012207031,85,6400,2100,619630.0262451172,4300,CHALET,-0.505999314113014,-0.07148809594204947
2138540.003967285,1444599.9969482422,78,5100,2700,1469039.94140625,2400,CREDITACC,0.45030208100893315,0.3624435048908556
1631962.6377880573,1312363.4169340134,604,37700,22700,104249.99713897705,15000,GTL,-0.9305094124445275,-0.13195720216177784
205679.54461574554,220407.13648796082,324,19400,13000,15680.000305175781,6400,UJAAS,-0.9211160155711207,0.1478396514062645
835615.8282233402,864632.0698833093,405,21600,18900,238814.9917602539,2700,CGPOWER,4074.8995074113222,0.32051957894296623
2106248.8904476166,1752368.9562797546,480,28400,19600,508639.9932861328,8800,BHEL,4.05755720948397,0.07347662463830736
2599636.899089813,4196780.825138092,738,38100,35700,400800.0,2400,DHANI,18.400534424798693,0.7685473024128102
6175974.461746216,8540389.264678955,1461,124700,21400,143798770.0439453,103300,TIMKEN,50.54744622881275,23.666416652498814
915009.7469091415,1039501.0340929031,250,12700,12300,89200.0,400,VGUARD,48.61086925573443,0.23353990261371574
66415.00015258789,0.0,11,1100,0,64679.9991607666,1100,KALYANKJIL,-0.2180850847968684,-0.026123631526539775
38390.681862831116,11601.000165939331,118,9000,2800,13640.000295639038,6200,VIKASPROP,-0.5066259119497931,-0.34252273633055563
8027113.35144043,10904568.620681763,427,21400,21300,144959.99755859375,100,GRASIM,36.096931227199654,0.37652579881129594
2162084.7257614136,2856019.8413848877,117,5900,5800,171084.99755859375,100,VINATIORGA,128.37047784519774,0.40008613116557534
4486224.324512482,5434957.812452316,342,17600,16600,547950.0122070312,1000,MCDOWELL-N,58.074763242791086,0.33361762406063156
438250.0,0.0,7,700,0,495705.01708984375,700,HERANBA,-0.1285379698621819,0.13110100876176556
1335949.1866111755,1822571.9410896301,333,16700,16600,75275.0,100,TRENT,70.33776721987216,0.42059814857463845
29895.167541503906,43712.51220703125,5,300,200,53584.99755859375,100,SUVENPHAR,2.1860105889882,2.2546233310298534
3309994.55909729,3961035.6468200684,519,29200,22700,733850.0099182129,6500,INDIANB,0.6855769547295103,0.4183967897574678
3947026.0162353516,3139674.81842041,174,10800,6600,755160.0128173828,4200,IBULHSGFIN,-0.015077208631773142,-0.013222913855363491
904063.237953186,648310.2160453796,398,23000,16800,195920.0023651123,6200,DONEAR,-0.8287115807361802,-0.0661823388352313
,2152430.028963089,373,18800,18500,213945.00732421875,300,SUPPETRO,102.71595726185556,
5039620.080566406,5831133.953857422,145,7300,7200,274055.0048828125,100,JUBLFOOD,22.120007018206465,0.211438334862351
12855.000305175781,0.0,1,100,0,12930.000305175781,100,BURGERKING,-0.042222199616608794,0.005834305579114059
4922575.04234314,9134481.619262695,591,30900,28200,5326830.065917969,2700,MASTEK,16.268692455516874,1.9377534239269
3044261.488342285,3694439.250564575,339,17400,16500,963720.0439453125,900,PUNJABCHEM,7.258928701726966,0.5301442771417216
3851051.1865615845,5042793.134307861,339,17000,16900,135255.0048828125,100,INFY,14.623972944518602,0.34458045046498076
1166829.9165844917,1578158.822441101,429,21800,21100,95654.99572753906,700,GREAVESCOT,95.81467132977106,0.4344968314389606
3254567.5176620483,4519300.874376297,479,24400,23500,573119.9890136719,900,BHARATFORG,21.72266952950588,0.5646997137881352
1898233.616065979,1929251.439666748,576,32200,25400,628320.0103759766,6800,JINDALSAW,5.887573340271491,0.34734282882588474
1218754.280281067,1215174.7818946838,351,18200,16900,326884.99603271484,1300,HINDPETRO,13.73447772949572,0.2652753741072168
59666464.23280239,52281047.17106819,449,24100,20800,20369250.0,3300,LAXMIMACH,2467.745962439206,0.21760687691508582
10812143.251609802,9675269.065093994,416,22500,19100,4370189.9169921875,3400,CEATLTD,7.994060313390806,0.29904484756017047
1186325.0061035156,209074.99389648438,23,2000,300,1105084.9792480469,1700,NOVARTIND,-0.048033959091561586,0.10775712084236475
3218483.6146354675,4229230.742263794,455,22800,22700,35825.0,100,SBIN,20.28148053140541,0.3251755338660823
880213.3662223816,890404.4513702393,337,18800,14900,110955.00297546387,3900,MUKTAARTS,-0.6669829392317296,0.13763263859903097
393171.56982421875,549330.989074707,57,2900,2800,38960.00061035156,100,IEX,1.4924695823998995,0.4962704194203942
548483.5494995117,716265.6887054443,159,8000,7900,15630.000305175781,100,RESPONIND,0.7143195450071606,0.3343986153795697
641399.9982833862,419979.99572753906,166,11100,5500,124879.99572753906,5600,SANGINITA,0.0022471567218223317,-0.15051451058104676
6147612.844848633,8535314.488220215,277,13900,13800,402910.009765625,100,DIVISLAB,535.6976898518219,0.45393418934563984
603701.672744751,220702.6195526123,133,10700,2600,248264.99691009524,8100,SDBL,-0.7344034386047773,-0.22317986244674512
1513639.8805618286,1687055.7731628418,298,15400,14400,358899.9938964844,1000,INDOCO,7.494435889831025,0.35167934812864077
6501689.036560059,9226669.622039795,507,25400,25300,108744.9951171875,100,TATACOMM,9.209399272835626,0.435844526654908
2351923.5628843307,2001050.4704236984,467,24700,22000,899234.9670410156,2700,VIPIND,90.4270562945661,0.23315463275851034
18112705.69000244,19703481.634140015,223,11500,10800,2205139.9658203125,700,VSTIND,47.34608283664506,0.20957199741025406
688379.999756813,689059.9986553192,625,35900,26600,155310.0070953369,9300,BINDALAGRO,1.0875000953674316,0.22660450049238842
1994630.3756713867,493587.6289367676,112,9100,2100,327599.9946594238,7000,FRETAIL,-0.7014947478347532,-0.5883008533248762
807950.3318309784,1005392.7750587463,365,18300,18200,13789.999389648438,100,BEL,29.476764407521635,0.2614423613623885
463794.9981689453,471320.0004577637,71,3900,3200,103564.99786376953,700,ASTERDM,-0.18507301315735397,0.239523928871957
748783.9813709259,703622.9194641113,383,20200,18100,327914.9871826172,2100,FINPIPE,44.68374256778356,0.37761748689938185
1155202.8659820557,1596483.659362793,331,16600,16500,75695.00122070312,100,JSWSTEEL,93.06084117727086,0.44751948755074406
243544.00024414062,212624.0005493164,39,2300,1600,107100.0,700,LICNFNHGP,1.0126943968776465,0.31279768842102107
3182269.717693329,3671317.4404144287,101,5100,5000,249675.0,100,HDFC,52.91629147456735,0.23213705570392812
6304616.325378418,8901772.500610352,257,12900,12800,225869.9951171875,100,PERSISTENT,11.945820297242975,0.4477712876809639
862513.4673893452,913447.1703410149,321,16300,15800,90625.0,500,RAIN,163.02903993341465,0.16412346972406056
579038.2632374763,751823.6671209335,315,15800,15700,19955.00030517578,100,KNRCON,13.517455914096665,0.3328629840642947
877593.626499176,902329.2479157448,359,18600,17300,221650.0,1300,CUB,136.4952667850515,0.2807513796555587
4208862.17250824,5504459.6824646,283,14200,14100,338075.0,100,COFORGE,40.2052110745563,0.38815063145267714
4751989.029312134,6024436.957550049,547,27500,27200,348779.99267578125,300,ESCORTS,10.330639971982775,0.34116827941170025
5489207.76424408,7097571.392440796,489,24500,24400,118234.99755859375,100,TATASTEEL,24.182683642213537,0.31454422931522624
902871.8669891357,453456.23626708984,109,7900,3000,290569.9962615967,4900,ORBTEXP,0.3089445201942357,-0.1759337512532779
4323645.959949493,1752059.220981598,383,22900,15400,3245250.091552735,7500,GUJALKALI,26.280739071081626,0.15580909233204382
6185373.79989624,6744323.027801514,578,32800,25000,1968330.0476074216,7800,SUNTECK,0.011995176840512338,0.408589578782626
4211640.739440918,2528123.072052002,330,22700,10300,1111039.9810791016,12400,ZUARI,-0.7471550110455577,-0.13592747381055323
8897191.131353378,10127267.93088913,369,19000,17900,2219305.0537109375,1100,AJANTPHARM,385.01988275005476,0.38769335201659233
85605.0003528595,58214.99996185303,163,12300,4000,26145.000791549686,8300,BCP,-0.7741935384633264,-0.014543538278429548
1321518.3471679688,1028782.0098876953,54,3300,2100,446940.01464843756,1200,SIS,0.0017680516514045667,0.11668674725449296
8338490.46831131,10026326.981127262,278,14000,13800,483429.98046875,200,EICHERMOT,824.2080897609195,0.2603908347123675
6363402.102661133,6772846.6796875,133,7400,5900,2014274.9633789062,1500,ENDURANCE,1.136760618560826,0.3808842347699024
1190222.2693920135,847008.9359283447,482,27600,20600,524649.9786376953,7000,ITDCEM,3.0658778557869613,0.1524392962893456
5317952.695465088,4610089.87121582,384,21200,17200,265799.98779296875,4000,ASIANHOTNR,-0.013371993114009764,-0.08312650784450758
1128751.7225265503,1248175.2076148987,344,17700,16700,112400.0015258789,1000,INDHOTEL,7.920962250293739,0.20538040561774148
1082339.7422790527,1340173.5538482666,246,12900,11700,155700.0,1200,SWANENERGY,0.8325318575316959,0.38207394167976055
1339429.175567627,1194369.665145874,450,26900,18100,352879.98657226557,8800,OMAXAUTO,0.7402877358994252,0.15515600222941386
2783840.2587890625,1451784.848022461,90,6200,2800,1751510.0830078125,3400,GODREJAGRO,-0.09168757399353457,0.15067483520899605
1624290.4113769531,1538585.2508544922,82,4800,3400,771750.0,1400,ARMANFIN,1.3839318042538404,0.4223658741517541
4115775.0122070312,5385234.973144531,59,3000,2900,289550.0,100,DMART,3.5129365807031108,0.37878891735180176
2800060.4553222656,3848608.1604003906,67,3400,3300,301094.9951171875,100,AMBER,1.42521876492674,0.4820048430132838
2467700.861930847,3013294.440460205,386,19800,18800,272649.9938964844,1000,INOXLEISUR,0.5915384518092711,0.3315813456358764
305633.25605392456,356725.11744499207,462,25100,21100,67400.0015258789,4000,MIRCELECTR,1.8236667574141303,0.38769296393596725
8293527.249145508,6898410.25390625,221,13300,8800,3640050.1098632812,4500,JUSTDIAL,0.32579101688523066,0.27068496276482623
533479.8591375351,298823.949855566,518,33400,18400,28499.99964237213,15000,ROHITFERRO,-0.9302407139844391,-0.38643616269391046
5123771.729278564,4256238.645172119,358,21500,14300,1399679.9560546877,7200,SHOPERSTOP,0.07610994496805226,0.10385842696844134
96250.0,28029.999923706055,37,3000,700,66930.00087738037,2300,UJJIVANSFB,-0.4798927616682861,-0.01340258907962155
385500.98309516907,584407.7279090881,319,16800,15100,222445.01037597656,1700,FSL,0.9088450115443754,1.092997874627666
2022343.1108474731,1726587.7391815186,595,34300,25200,163345.00694274902,9100,ARIHANT,-0.9625379732650126,-0.06547373885913867
2317071.836388111,2851727.5735855103,203,10200,10100,181619.9951171875,100,PIDILITIND,489.4172138318905,0.3091297045978207
17628749.81613159,24423225.467681885,345,17300,17200,386675.0,100,BAJAJ-AUTO,40.7685242087967,0.40735450479755614
19907981.686401367,20749520.191192627,377,19900,17800,3077865.0512695312,2100,GLAXO,10.929355711505414,0.19687598762148928
619318.6898231506,923044.5287704468,383,19200,19100,40054.99877929688,100,GOLDIAM,8.930403800272884,0.55509520926094
3350272.2544908524,3243851.3988494873,243,13000,11300,1218475.0,1700,AXISBANK,192.4562762387131,0.33192948509423037
3000263.8370513916,4201008.546066284,465,23300,23200,55450.0,100,RADICO,16.479394779576726,0.4186947472757794
519748.0978012085,569903.7048339844,172,8800,8400,32760.000610351562,400,BIGBLOC,1.6581504370740625,0.1595303724898686
43027445.91064453,46152444.873046875,282,15000,13200,9572130.17578125,1800,BAYERCROP,9.182121009343776,0.29509372144820845
8247023.617553711,2566043.8262939453,178,13800,4000,6878620.2392578125,9800,BSE,-0.22708730041592365,0.1452209310336981
503726.953125,722358.2778930664,31,1600,1500,156765.00244140625,100,SOLARA,5.382498335844709,0.7452377223029357
132606.99939727783,145968.9998626709,53,2700,2600,8108.9996337890625,100,KOTAKNV20,1.262372683868382,0.16191453088277094
1055663.3396148682,698418.8957214355,141,10000,4100,745170.018005371,5900,SUPERHOUSE,-0.4661700323747239,0.3674709157310163
85870.78247070312,73801.84631347656,5,300,200,56065.00244140625,100,ANGELBRKG,1.1000715822559224,0.5123519900286224
695628.7798404694,894485.4000091553,430,22800,20200,202150.0,2600,RCF,2.951327495819997,0.5764664024692163
2379427.760696411,2928924.970626831,536,29300,24300,920749.969482422,5000,DCAL,2.778632088327995,0.6178994814209151
398444.5930957794,436522.2396850586,528,29500,23300,169879.99763488772,6200,GINNIFILA,2.6183062913118094,0.5219236195637804
827744.2777395248,1051158.481645584,197,9900,9800,24510.00061035156,100,SUPRAJIT,37.26051559087152,0.29951787186431966
1196209.6804618835,1511922.2739219666,161,8100,8000,91640.00244140624,100,HCLTECH,56.773874593517945,0.34053611382262117
633500.2510070801,898724.8123168945,93,4700,4600,53125.0,100,GUJGASLTD,3.243429728676936,0.5025247595462382
12008602.403640747,14412074.11289215,431,21600,21500,228980.0048828125,100,JCHAC,124.29530275170377,0.21921382902444286
8853479.18624878,10634220.902252197,585,32100,26400,1925459.9304199219,5700,RAYMOND,5.096343332965244,0.41861527750353905
30358512.50114441,34397404.36897278,321,16300,15800,2493074.951171875,500,SCHAEFFLER,100.14934644341557,0.21516096412016275
550907.0813268423,426163.7650936842,335,18500,15000,572774.9786376953,3500,GAEL,526.480076978215,0.8132617597244659
233375.72021484375,144142.9443359375,3,200,100,745735.009765625,100,INDIAMART,4.750762257830758,2.813069985525265
19544603.744077682,,522,26500,25700,1097559.9609375,800,ABB,163.98352302238825,
1780542.7043914795,2493009.973716736,225,11300,11200,60709.99755859375,100,ICICIBANK,32.09162108226712,0.4342368565364413
3388126.3162612915,4941484.902191162,592,30800,28400,1490880.029296875,2400,VISAKAIND,72.21598969856895,0.8985021014759518
707804.7269821167,1094305.880355835,319,16000,15900,45014.99938964844,100,CGCL,2.5677842027901274,0.6096542398116385
103733425.05340576,124870461.84082031,293,14700,14600,4177844.921875,100,HONAUT,294.02089428212804,0.24403784697416983
2695143.4727191925,1880098.7560749054,176,10100,7500,1263600.0,2600,AVANTIFEED,360.8449373739669,0.16643094807236927
7183053.329512477,3905344.1902518272,279,17900,10000,4672850.0,7900,GLENMARK,1972.8262355951817,0.1942267162360105
1009963.2968902588,824214.6612167358,277,15200,12500,397035.0082397461,2700,JYOTHYLAB,3.8613677070311705,0.20920203062506065
2532589.1662597656,2878316.5161132812,49,2500,2400,376860.009765625,100,LTI,4.842334748386834,0.2853156640033678
243644.92797851562,391399.91455078125,49,2500,2400,57934.99755859375,100,PRINCEPIPE,2.5251339416608003,0.8442202587077738
219631.13293647766,334527.8185606003,389,19500,19400,13585.000610351562,100,REFEX,3.4322220853878456,0.5849884964698243
10034723.918151855,10477580.382537842,378,19800,18000,2079359.912109375,1800,PVR,3.30105383431254,0.25134885593941586
2620021.823501587,1204215.837097168,223,15900,6400,787550.0144958496,9500,DBCORP,-0.6099105806335249,-0.2397903583371388
0.0,0.0,0,0,0,0.0,0,NETFIT,0.7927678594966946,0.0
2884259.997844696,2378920.003414154,636,36600,27000,423359.98535156244,9600,GOLDENTOBC,3.3880594663845933,-0.02842323824490171
3932852.35748291,3456670.9518432617,217,12200,9500,1336229.9835205078,2700,SUNTV,0.9187867103568375,0.21868315911846345
5467189.660048485,4536161.402797699,418,22300,19500,2637600.0,2800,NATCOPHARM,132.78157393753094,0.31214789478038335
4533305.485916138,29097666.90597534,708,35600,35200,1253159.9609375,400,TCS,104.38456327727957,5.695076464889776
442939.6366119385,344571.9944000244,167,10400,6300,240670.00312805176,4100,PANACHE,0.07163914860283732,0.3212680671448003
1578917.1752929688,624461.262512207,84,6300,2100,1511579.9743652344,4200,GNA,0.5125425816116695,0.35285198635013776
731197.8772640228,443204.86969947815,257,14900,10800,268344.98748779297,4100,RUCHIRA,2.858815930174226,-0.026871002621438343
920753.8354873657,1245914.8864746094,279,14000,13900,11090.00015258789,100,PFC,2.497387134477175,0.36519104040641864
1625857.7263832092,2548934.014225006,389,19500,19400,52140.00244140625,100,KEI,6.765043968357599,0.5998164995977932
3448981.3983917236,2994451.809120178,243,13700,10600,1499625.0,3100,EMAMILTD,12.128383172061918,0.30301567042831473
749080.6203842163,835577.6706695557,131,7100,6000,346060.0067138672,1100,ORIENTREF,12.641764684719108,0.5774506044187081
145545.39098739624,160855.19723892212,177,8900,8800,2579.9999237060547,100,SJVN,1.1004584503683434,0.12291564888359215
14637448.128509521,16752981.651306152,297,14900,14800,164734.99755859375,100,SHRIRAMCIT,56.53363021449132,0.15578320075573282
1348203.6697387695,1806161.4601135254,193,9700,9600,79584.99755859375,100,INTELLECT,10.68607664592762,0.39871037291977174
2592342.0378625393,2242245.100069046,446,27600,17000,95400.0,10600,FEL,8.317113772494256,-0.09824974253918214
797818.6470985413,683607.4536323547,212,11200,10000,291479.9926757813,1200,PETRONET,44.720792352914785,0.22219184755116367
399788.8563156128,485237.0532989502,187,9400,9300,5675.0,100,IDFCFIRSTB,-0.1630407007366552,0.22792830651437745
17564188.59615326,13807912.731170654,552,30000,25200,7866000.0,4800,VENKEYS,61.60892072792692,0.2339831477280691
731518.9551353455,1687401.3423919678,269,13500,13400,37104.99877929688,100,CANTABIL,2.553910573824028,1.357432201947791
8145415.797996521,10760081.406021118,303,15200,15100,831225.0,100,ATUL,397.76776988733974,0.42304661830426904
937894.3505764008,1109678.2047986984,417,20900,20800,10269.99969482422,100,TATAPOWER,22.35104548042314,0.1941091273289334
387341.61734580994,361967.6691055298,292,16100,13100,266549.9954223633,3000,SUNFLAG,3.428822885258633,0.6226442922263283
7117734.443092346,10200586.153411865,387,19400,19300,627914.990234375,100,SRF,439.1248955281189,0.5213409871107424
12779278.546142578,14738384.823608398,137,6900,6800,380639.990234375,100,CERA,58.77082408360279,0.18308907339737476
4119176.7194747925,5292691.973114014,399,20000,19900,183269.9951171875,100,BALKRISIND,18.048214932970435,0.3293826269559522
646150.0,313400.0,7,500,200,460350.0,300,VALIANTORG,0.04257587224310634,0.197477365936702
1103322.7189064026,889342.2388076782,369,23000,13900,328509.9861145019,9100,TV18BRDCST,-0.6452236241812426,0.10380417628787483
6607025.351333618,3553264.498901367,417,29700,12000,1736369.9729919434,17700,TRF,-0.8535206032769411,-0.19939243598851852
1748051.9081115723,805514.6903991699,210,13000,8000,960000.0,5000,STERTOOLS,9.21650507301984,0.009989853394263774
1455287.5979423523,1920933.3577871323,193,9700,9600,157859.99755859375,100,ASTRAL,261.1096050602128,0.4284416072018724
804856.5982818604,889269.7037696838,343,17900,16400,75975.00228881836,1500,NLCINDIA,19.46461435639754,0.199275384110691
1324208.2520961761,1783514.042854309,285,14300,14200,63259.99755859375,100,SUDARSCHEM,60.586024551253225,0.3946250806770937
1009513.0109786987,1404940.3587341309,392,19900,19300,61680.00183105468,600,WELENT,2.0480058244676727,0.4527998595514209
1823512.469291687,2086456.1792373657,415,22800,18700,1050010.025024414,4100,BRIGADE,0.21974053269176894,0.7200135765894092
1163869.4217681885,443877.6264190674,135,9500,4000,350075.008392334,5500,HMVL,-0.6296702525984503,-0.31783358170437837
6762912.385177612,3120275.1178741455,322,18700,13500,3725280.126953125,5200,MOTILALOFS,3.2818651534184795,0.012220010395342092
1002745.0543403625,687934.0106010437,240,13900,10100,405459.98840332037,3800,NRBBEARING,115.6299382218564,0.09040078958418121
1309659.7717285156,1374338.3911132812,66,3700,2900,237880.0048828125,800,BANDHANBNK,-0.3718608158321865,0.23102078173192653
2892395.538330078,3858453.2287597656,106,5500,5100,423779.98046875,400,THYROCARE,0.9351432620210742,0.4805143876348458
479969.9920654297,214459.99755859375,18,1300,500,341080.0048828125,800,WESTLIFE,0.5116115034774136,0.15744736467957113
6089862.066459656,6912268.6237335205,271,13800,13300,965875.0,500,RELIANCE,63.673318032492936,0.29364894274419634
887726.5838623047,1057954.9987792969,43,2200,2100,67265.00244140625,100,HDFCLIFE,0.9676653780941118,0.2675299148135413
199292.0009613037,0.0,49,4900,0,198155.993270874,4900,UTISXN50,-0.8707987264322397,-0.005700217193615784
132112.6322746277,308346.07191085815,85,5600,2900,62234.99794006348,2700,ORICONENT,-0.5201719098001625,1.8050388783457156
1009091.227722168,1126025.389099121,93,4700,4600,28354.998779296875,100,HGINFRA,0.06346060783919635,0.1439802033402002
1651671.169090271,1705386.0080718994,586,31700,26900,300479.9926757812,4800,KTKBANK,6.6289975297897765,0.21444633670786767
1393955.0073623657,2056940.001296997,292,16200,13000,349280.0048828125,3200,PIONDIST,1.544899078400773,0.7261819739310283
11753884.000396729,14669334.350585938,261,13100,13000,220555.0048828125,100,AKZOINDIA,42.711477432524376,0.2668058792281915
78612024.65286255,102809649.56989288,405,20300,20200,2784000.0,100,SHREECEM,1002.7726924065616,0.34322516225954797
731839.1220092773,226102.1348953247,232,18000,5200,617600.0,12800,AARVI,-0.08324497460566906,0.15285191720678373
759933.5112571716,1012263.0456924438,399,20200,19700,71324.99694824219,500,JKPAPER,3.3784208205543464,0.4258984853136519
366680.33618927,123565.99617004395,132,9800,3400,276480.0048828125,6400,HUDCO,-0.30802620532884695,0.09099387551113189
1307596.6576099396,1672637.8373146057,287,14500,14200,93675.0,300,AMBUJACEM,16.399025580167937,0.3508086205597374
2244123.7852096558,1363505.2185058594,175,11500,6000,447974.98321533203,5500,ARROWGREEN,-0.793607752936211,-0.1927895360941709
19605427.242279053,27820188.83972168,764,39700,36700,3525599.853515625,3000,BEML,11.723065089946028,0.5988322165017752
0.0,0.0,0,0,0,0.0,0,EBBETF0425,0.0,0.0
1007610.6615066528,1251269.4675445557,109,5500,5400,105180.0048828125,100,GRINDWELL,20.98401464521551,0.34620396969510636
12455849.77645874,7189631.753540039,337,22200,11500,4880270.065307617,10700,SMLISUZU,6.605316959236481,-0.03098527716194173
1120287.6113295555,2133492.736387253,914,50200,41200,690750.0,9000,NCC,34.142228871699956,1.5209979185929283
4213140.763568878,4458972.752761841,507,26200,24500,711365.0207519532,1700,JKLAKSHMI,9.58928400079622,0.227193218470605
3808708.1357955933,4496265.016365051,175,8800,8700,255164.990234375,100,ASIANPAINT,149.4921227272901,0.2475174881329965
14093492.642974854,13069008.009338379,538,33700,20100,3689679.833984375,13600,BFUTILITIE,-0.7978239201312928,0.18910821241152123
5539741.456413269,6067027.794075012,443,23200,21100,2175494.8974609375,2100,TATASTLLP,105.91820228735796,0.48788941801493546
1338152.629184723,1121026.9030570984,361,20000,16100,597090.0238037109,3900,TATACOFFEE,24.616547061234414,0.2839469051505596
11349306.255722046,10068292.435836792,334,17700,15700,3101100.09765625,2000,SWARAJENG,31.054352139430975,0.1603698267330968
258913.3689880371,302581.6452026367,49,2500,2400,40235.00061035156,100,JASH,1.8671574654756897,0.32405926798174667
2142973.425102234,1583626.3809204102,397,24300,15400,708885.0135803223,8900,RAMKY,-0.7915759959023868,0.06978059907176151
0.0,0.0,0,0,0,0.0,0,JUBLINGREA,0.5508001238420757,0.0
908592.3457860947,1228688.5673046112,491,24600,24500,13239.999389648438,100,PRSMJOHNSN,19.698137902748844,0.3668710422821905
4526781.870269775,4046845.712661743,228,11900,10900,1511349.9755859375,1000,COLPAL,28.124950167824988,0.22784703295554148
2270227.8297424316,3051292.975997925,551,27600,27500,40110.00061035156,100,HINDALCO,5.895876074869989,0.36171486231803046
1327156.0792803764,1286312.2004270554,578,31600,26200,293219.99588012695,5400,KARURVYSYA,55.53700881918757,0.1901631021150517
1524983.1924438477,1278543.2235717773,76,4600,3000,924079.98046875,1600,CAPLIPOINT,15.761265989771063,0.4443590034003811
2503901.6422748566,2558917.3341989517,248,13000,11800,627300.0,1200,CANFINHOME,154.58375124906388,0.27250099620694146
565080.8608531952,861390.9352302551,284,14400,14000,61020.001220703125,400,MANAPPURAM,5.402127699257081,0.6323521116221195
5831464.151144028,5949556.410217285,383,20400,17900,2207250.0610351562,2500,CIPLA,7.709578442558548,0.39875788649960636
10256880.017089844,11788634.936523438,125,6400,6100,987134.9853515625,300,TEAMLEASE,2.2169428847929993,0.24558051771964023
5937324.072265625,7518685.998535156,95,4800,4700,288694.9951171875,100,GALAXYSURF,0.7405779480665147,0.3149662876113015
468436.47480010986,469564.25104141235,238,13100,10700,199439.99633789062,2400,BROOKS,0.6191825286601077,0.42816429413354057
1620741.8449401855,1956017.050933838,269,14000,12900,152405.0033569336,1100,TEMBO,1.0035823913604238,0.3008993757229635
2979836.266577244,4015975.703585148,371,18600,18500,144650.0,100,TITAN,204.76943418075894,0.3962598382508462
1923744.2006111145,2236453.0470848083,392,20200,19000,512520.00732421875,1200,ANDHRSUGAR,34.32879250401076,0.4289701580572733
2374079.690551758,3028273.4252929688,93,4700,4600,395475.0,100,DIXON,5.857994915771966,0.4421371106111684
10589044.093322754,11277920.513916016,245,14000,10500,5255775.085449219,3500,MCX,0.3626087127970619,0.5613964257445166
2357760.920238495,3223050.2182006836,159,8000,7900,268314.990234375,100,GARFIBRES,180.36014842015445,0.48079696226447594
8808394.83795166,10427779.959106445,133,6700,6600,272439.990234375,100,VMART,12.606356644571148,0.21477523955194233
0.0,0.0,0,0,0,0.0,0,GLAND,0.45478276375686866,0.0
791664.8273468018,844849.2427825928,209,11100,9800,121484.99603271486,1300,GPPL,1.1856551302773213,0.22063555867941706
998498.5650658607,1199606.1109304428,133,6900,6400,236925.0030517578,500,MARICO,243.5398650403226,0.43869121523218946
975987.2077941895,963960.0067138672,136,7700,5900,316890.00549316406,1800,ABFRL,0.060542187058782004,0.3123635248271917
153734.99908447266,243325.0,11,600,500,152584.99755859375,100,AARTISURF,2.1868212499740265,1.5752756361032232
1694304.5835494995,1247439.654159546,362,21700,14500,530280.0109863281,7200,KOTHARIPRO,1.3196983260111754,0.049232636449358644
772343.8466370106,744408.5699439049,425,22700,19800,225185.00442504883,2900,FEDERALBNK,85.90251668590606,0.25539107819764556
6318370.910453796,8512907.06756115,259,13000,12900,218730.0048828125,100,SUPREMEIND,936.7024508718683,0.3819443644875924
1252610.7423305511,1551330.5526256561,452,22900,22300,161610.00366210938,600,ZENSARTECH,37.65936990338373,0.36749630064703537
38594453.37524414,29717968.533325195,122,6600,5600,16761349.609375,1000,NESTLEIND,38.71571021719646,0.20430046490861012
12124567.872428894,12973276.750183105,459,23600,22300,2170545.0317382812,1300,PEL,17.056503251863145,0.24901950661336442
572918.9206123352,441603.9917945862,231,13600,9500,181220.00312805176,4100,CORDSCABLE,-0.6629161558570924,0.08710669610451029
1806912.8266334534,1691099.4173049927,408,24100,16700,253450.0,7400,AUTOIND,-0.8467156001319637,0.07617223622678948
413847.1748352051,532152.2483825684,111,5600,5500,48739.99938964844,100,LAURUSLABS,4.340025003067708,0.4036395150058218
919478.9258956909,1263827.462387085,321,16100,16000,11694.99969482422,100,ASTRAMICRO,4.152299399904459,0.38722316103045645
10190852.1484375,11215826.7578125,23,1200,1100,1519100.0,100,TASTYBITE,2.3045794376838775,0.24964297119795495
0.0,0.0,0,0,0,0.0,0,LXCHEM,0.334752229086899,0.0
1459484.7083091736,1988916.2518501282,487,25100,23600,316500.0,1500,WSTCSTPAPR,24.210206389128583,0.5796097339868495
2196624.8138666153,3082875.2343833447,564,28300,28100,56609.99755859375,200,VEDL,200.7912571456544,0.42923143366283395
10255857.015419006,8993925.66947937,423,22800,19500,4129784.8388671875,3300,VTL,57.69548946067742,0.27963079912443417
1599449.699139595,1345824.4009971619,582,35800,22400,137350.0,13400,BAJAJHIND,1.0628905081525497,-0.07269706462477818
951322.4369049072,1496041.104888916,386,21000,17600,370260.0051879883,3400,MINDACORP,29.28471950746656,0.9617965872316085
1068839.7113800049,1106786.2377166748,218,11400,10400,132100.00610351562,1000,INDIANCARD,5.890915438732607,0.15909451214217551
0.0,0.0,0,0,0,0.0,0,ROSSARI,0.6726892846908707,0.0
2536848.334503174,1664851.058769226,348,20600,14200,861120.01953125,6400,TATAMTRDVR,2.227938076333743,-0.004287704572148969
325979.1175842285,215912.22610473633,55,3600,1900,172975.0,1700,STARCEMENT,-0.18559781933326572,0.19298201978920695
4110613.896179199,3029773.565673828,150,9000,6000,1593600.0366210938,3000,DBL,1.1276931609032352,0.12474042054699687
5706820.816421509,8454546.952056885,413,20700,20600,98095.00122070312,100,TECHM,7.487347934973258,0.49867014024115897
3375667.6082611084,3242106.251525879,258,13700,12100,798160.009765625,1600,NESCO,4.0424620841335415,0.19687917477537045
69536944.10591125,44576816.080093384,451,26800,18300,45041076.66015625,8500,BLUEDART,81.4676754909603,0.28878100544299473
7223641.799736023,1313285.7122421265,426,31400,11200,931219.969177246,20200,MMTC,-0.9589909016337457,-0.6892833637596213
234921.3730365038,182420.03839612007,280,16200,11800,116600.0,4400,ORIENTABRA,35.200320236321865,0.2728515695745409
1144049.1289258003,924947.725725174,128,7600,5200,528359.9853515626,2400,LAOPALA,61.63022868156484,0.27031931962687045
3229245.3887939453,3949003.924560547,273,13700,13600,241119.9951171875,100,HINDUNILVR,16.265986758697792,0.2975551298201766
45684883.490753174,39975027.7053833,386,20600,18000,18087679.4921875,2600,WABCOINDIA,40.533810429547835,0.2709391545087984
1735559.8153591156,1645777.382516861,662,35200,31000,936179.9743652345,4200,STLTECH,0.3826137712476211,0.4876798448734804
842825.4943847656,1296225.0,17,900,800,169340.00244140625,100,IRCTC,1.3434279463460455,0.738871228036617
2137508.6750030518,2804162.665939331,429,21500,21400,51525.0,100,WIPRO,5.106709736993587,0.33598880759408095
226088.68017196655,49584.76753234863,147,11200,3500,147454.99706268313,7700,SETCO,-0.5769742562289827,-0.12848460858296723
345806311.2915039,385178453.0395508,425,21600,20900,54212342.1875,700,MRF,93.86943453229416,0.2706268823898303
2613597.8745937347,3489797.452354431,773,40400,36900,505050.01068115234,3500,WELCORP,15.7191398792364,0.5284858860150987
247615.00010490417,109785.00003814697,176,12000,5600,43839.99938964844,6400,FCONSUMER,-0.2215909367996793,-0.37958120726647865
6281043.835449219,5953215.447998047,98,5600,4200,2772350.0,1400,LUXIND,1.8659463791169846,0.389190344246976
0.0,0.0,0,0,0,0.0,0,UNIDT,0.10008822650511824,0.0
7760883.325958252,5828271.00982666,158,9000,6800,2417689.892578125,2200,SYMPHONY,9.274363167964536,0.0625028822201292
1589085.5078697205,1784658.9411735535,436,22800,20800,179899.99389648438,2000,EIHOTEL,4.074688455108149,0.2362827080989906
6006554.676818848,6693503.631591797,261,13400,12700,1280300.0,700,AIAENG,19.875823126649955,0.32751703108025826
1206810.3821754456,871157.1083068848,223,13000,9300,465089.98870849615,3700,CASTROLIND,4.087713515015368,0.10725522149271488
6240732.521724701,7362113.642692566,231,11600,11500,247389.990234375,100,SUNDARMFIN,141.71964950700368,0.2193285974743176
396739.9991989136,409574.9988555908,101,5100,5000,18089.99938964844,100,JSLHISAR,4.28947338774668,0.07794777211465591
1179732.0988178253,951726.0017871857,498,29200,20600,113950.0,8600,SAKHTISUG,0.23520438177556774,-0.09667965900472819
84673.64262342453,79133.28788280487,330,19200,13800,10259.999871253967,5400,VIKASECO,-0.5027266123694577,0.055739247591181845
2929750.71144104,1144217.198562622,285,19200,9300,841500.0,9900,ISFT,-0.37390458365918117,-0.32222315338702706
855534.648680687,797969.0970659256,354,19000,16400,326819.99206542975,2600,BALMLAWRIE,27.49655208496948,0.31472067305033574
9532101.999855042,8114385.742950439,471,25600,21500,4690605.2001953125,4100,BBTC,136.63477084820303,0.3433543769611868
4000673.9022254944,3213980.8977127075,331,18100,15000,1310679.9621582034,3100,LICHSGFIN,38.47929193049247,0.13097467338038546
607419.8508262634,851859.3674182892,195,9800,9700,21905.00030517578,100,CHAMBLFERT,34.64782231291381,0.4384850388654526
468458.0062866211,370575.74615478516,48,3100,1700,460669.98291015625,1400,NEWGEN,0.34356115086622735,0.774429549521569
12803784.063911438,10504069.551849365,502,30800,19400,4227690.069580078,11400,RIIL,11.280916570553673,0.15057857488804186
2169638.508605957,3205171.0876464844,247,12400,12300,76775.0,100,ADANIPORTS,3.2910272587750047,0.5126695413215221
13674908.588314056,12439136.655807495,634,32900,30500,5460600.0,2400,HEG,111.56763048403128,0.3089474448921568
1111395.9529399872,1505563.936805725,203,10200,10100,169600.0,100,AARTIIND,1400.6897196232217,0.5072611452060777
340603.7412405014,544434.1064453125,321,16100,16000,13125.0,100,ALEMBICLTD,1.5827427409153159,0.636972936394196
18506372.08557129,18292944.262695312,223,12000,10300,4863360.0830078125,1700,HEROMOTOCO,16.053367920561314,0.25126114608693134
3746483.1859588623,5631875.012207031,327,16400,16300,111405.0048828125,100,BAJAJELEC,17.76817175421716,0.5329789917687641
984316.7438030243,777192.109298706,427,25200,17500,163625.0,7700,RAJSREESUG,1.3180204015223331,-0.04419272025816837
415912.7149581909,359863.5856628418,116,7200,4400,205100.0,2800,ZENTEC,0.36014353083792977,0.35837055551339425
3028132.396054268,2691164.5303726196,352,19000,16200,1610560.0341796875,2800,CHOLAHLDNG,276.3143975993771,0.4205866857596985
820048.3852386475,764013.5822296143,214,11900,9500,189360.00366210938,2400,ASHOKA,0.1468476989534785,0.16258211473006726
2351962.572002411,2132818.7096595764,389,23700,15200,293674.99351501465,8500,UNIONBANK,2.4039284662294818,0.031688910384626554
252422.5333929062,251041.55175685883,731,44600,28500,47495.000767707825,16100,CREATIVEYE,-0.8931800764788431,0.18268582646653841
1413903.1861305237,1868207.3225021362,530,27600,25400,215930.0033569336,2200,JSL,-0.7326407610335652,0.4740311403942716
309284.04746055603,509502.71730422974,631,38900,24200,296204.9943923951,14700,MOTOGENFIN,25.29918050800709,1.6050736153773957
3076767.3767089844,1083387.6251220703,86,6700,1900,3077039.94140625,4800,ERIS,0.08432535739347212,0.35220738428995435
10604382.39994049,13710015.430641174,413,20700,20600,229335.009765625,100,SKFINDIA,81.27885906281382,0.314489605777044
3196460.732269287,3103651.259613037,303,16500,13800,1216484.9670410159,2700,THEMISMED,2.759225906577764,0.35153739980000515
3972029.9896240234,3645300.001525879,155,9100,6400,1722734.9670410156,2700,QUESS,0.2682368913779866,0.35145882145643403
240688.00086975098,179478.00006866455,185,10900,7600,78507.00302124023,3300,CPSEETF,0.3632926314086677,0.0718648298114127
3401860.226249695,4995629.887771606,343,17200,17100,72934.99755859375,100,COROMANDEL,100.83589028637475,0.4899391945088605
423899.1722226143,461659.6937894821,603,34500,25800,163995.00331878662,8700,ALOKINDS,0.570324562927639,0.4759516840474055
773684.1896057129,892537.5534057617,91,4600,4500,25460.00061035156,100,INDUSTOWER,0.9062272081685921,0.18652748285310802
3119236.681032181,3403074.85165596,404,21200,19200,838099.9755859376,2000,EIDPARRY,110.23615633993796,0.3596835575293563
1224646.1692333221,1250835.9606266022,580,31300,26700,543030.0140380858,4600,JKTYRE,19.01496784387457,0.46480348343205163
1798571.7681884766,1429478.5888671875,263,16400,9900,1144325.0198364258,6500,MOIL,0.06307151915785843,0.4310263589292025
3686.3327026367188,0.0,1,100,0,4200.0,100,MGEL,0.23246313904642246,0.13934371604491128
5271793.221831322,6595594.342947006,477,24400,23300,561770.0134277345,1100,GODREJIND,218.09730602191763,0.35767167929405375
1129867.7736282349,847126.0915756226,301,16400,13700,164834.99794006348,2700,EDELWEISS,-0.516327006272862,-0.10435440930749491
2974355.4823875427,4034676.2042045593,549,27500,27400,43875.0,100,UFLEX,22.91789751663133,0.3712386526612039
1306428.2119750977,1665734.9507331848,427,21400,21300,62900.0,100,TATACONSUM,16.839747504101588,0.32317637883813166
78050.0,0.0,11,1100,0,81784.9983215332,1100,SMCGLOBAL,-0.22064992363807912,0.04785391827717109
2132732.322216034,2508911.2314224243,380,19800,18200,556320.01953125,1600,CENTURYPLY,19.397104940588846,0.4372320515913217
22532539.990234375,19819114.66064453,559,32800,23100,10876125.0,9700,BBL,0.1850429814953148,0.3622627397509503
1157885.9949111938,1474295.8585739136,317,15900,15800,145559.99755859375,100,JBCHEPHARM,78.52677856114472,0.39897698327091785
778825.3245830536,702732.7900886536,484,28200,20200,608000.0,8000,NATIONALUM,9.941719445544946,0.6829611836137431
2212989.0016555786,1864440.0740623474,241,13000,11100,1195860.0463867188,1900,UPL,35.43472685510647,0.382880853976047
0.0,0.0,0,0,0,0.0,0,MAZDOCK,0.24158662464407402,0.0
586725.0693321228,637198.8956451416,304,16100,14300,96479.99725341795,1800,IDFC,1.3713785044954518,0.25046453824397913
1564107.555961609,1625782.164478302,351,19200,15900,879780.0201416016,3300,IIFL,61.70485298585627,0.6019116940327617
118680.20477294922,135527.81219482422,21,1100,1000,17100.0,100,GRSE,1.3429520596847047,0.2860427102128887
1321926.6326904297,440605.0018310547,79,5900,2000,1197884.976196289,3900,SWSOLAR,-0.5655593824529465,0.23947119114518
91544.74506378174,80419.4314956665,78,4400,3400,27500.0,1000,AARON,0.500961711834573,0.17887085075692846
436046.4183807373,522861.3830566406,107,5400,5300,29054.998779296875,100,SEQUENT,0.9069764460695211,0.2657285063491278
6125.0,0.0,3,300,0,7710.000228881836,300,KHAICHEM,0.0828894696967079,0.2587755475725446
13342680.387115479,15214497.838115692,618,32700,29100,7303140.087890625,3600,NILKAMAL,29.001005978781475,0.6876397599803671
3386015.647315979,4126799.0085601807,231,11600,11500,184619.9951171875,100,MPHASIS,40.25831973174305,0.27330155934008643
47775320.6237793,37610266.00646973,294,16100,13300,18768539.453125,2800,MARUTI,44.967547277531594,0.18008219983631468
1594230.1029205322,1699712.893486023,332,17500,15700,538919.9890136719,1800,ASAHIINDIA,209.3381133823758,0.40420939135364214
2479159.660959244,2314561.9306087494,453,26300,19000,264625.0,7300,PNB,4.159266787571599,0.04034724799079813
421285.0001335144,379035.000038147,169,10800,6100,111859.99641418457,4700,ADHUNIKIND,-0.7414448837804133,0.16523255348933907
7199326.704692841,7929249.366378784,475,24700,22800,1782010.0463867185,1900,BIRLACORPN,47.161716424072104,0.3489121706944169
3027978.996372223,2478131.8546295166,209,11400,9500,1243550.0,1900,CESC,45.1450032950007,0.22909764535632807
1645451.9203186035,684229.9987792969,115,8100,3400,958329.9713134767,4700,GICRE,-0.5015644847234182,-0.001757541615236086
1523232.9678535461,1416184.2525482178,576,33600,24000,373440.0146484375,9600,IDBI,2.094465322234118,0.1748854607043417
1662944.919681549,1587642.9268360138,423,22700,19600,298219.99053955084,3100,GENESYS,2.4514426237271243,0.1340501390368984
98593.26477050781,105686.8049621582,15,800,700,20019.99969482422,100,MIDHANI,1.3386654072867865,0.27500397668731097
1003815.412902832,1081487.393951416,193,10000,9300,149729.9957275391,700,GUJAPOLLO,1.7676218558445351,0.22653764213335031
7573581.095504761,9547419.696617126,525,26300,26200,104415.00244140625,100,TATAINVEST,24.599603152260954,0.2744083119130134
1780719.6964263916,1389130.1677703857,327,18600,14100,1824525.0549316409,4500,IFGLEXPOR,28.15315492985369,0.8046946013745443
11167439.750671387,12100261.207580566,433,21900,21400,2931750.0,500,PGHL,34.10281781464391,0.3460570679753917
1585175.6881713867,1232307.5748443604,268,17100,9700,894289.9887084961,7400,HERCULES,-0.059217830045397345,0.3415532293496366
1028173.0930328369,1021668.9902305603,366,21500,15100,848959.9609375,6400,DATAMATICS,0.21097781790527104,0.8193716251124632
1702752.0742416382,1660614.247226715,589,36000,22900,214839.99500274658,13100,CENTRALBK,-0.8016633494927727,0.10142531646290348
8314886.479949951,6688189.235687256,609,36300,24600,3518190.1428222656,11700,MAHSEAMLES,2.5286061373724156,0.22748270864799053
12205163.994216919,14567462.191009521,379,19100,18800,1038375.0,300,BRITANNIA,60.387238067930916,0.2786257684373531
3480251.723575592,4027589.1306877136,501,26000,24100,575225.0,1900,TATAMOTORS,8.193329943931227,0.3225520727445562
1162880.342745781,1746494.173669815,391,19600,19500,56890.00244140625,100,CHOLAFIN,131.08221165970795,0.5507908336063961
1576440.884923935,2050691.1703109741,349,17800,17100,203104.99572753906,700,RALLIS,51.07334871344336,0.4296737591573321
8929572.471499443,12092414.943552017,304,15300,15100,1098759.9609375,200,BAJFINANCE,1369.8036486760782,0.4772459652006689
1875478.0135631561,902103.2179832458,378,25200,12600,305550.0,12600,FLEXITUFF,-0.8507953880906733,-0.356082444448993
3041973.764514923,3686445.677757263,374,19300,18100,868859.9853515625,1200,SUNDRMFAST,63.949553450210715,0.49748354711245196
1279785.513496399,1179530.952835083,354,19900,15500,794200.0,4400,NCLIND,6.722128658809298,0.5422357356138621
172555.99184036255,218788.2724761963,128,6500,6300,7919.999694824217,200,INFIBEAM,1.137486285397367,0.3138243984060321
351613.7008666992,434180.8970451355,111,5600,5500,180305.0048828125,100,DEEPAKNTR,118.6736379416009,0.7476164905215301
8870741.982269287,11232003.740692139,341,17100,17000,129765.00244140625,100,SRTRANSFIN,182.6934947645684,0.28081379954949504
36496114.26200867,15507786.576271057,435,25100,18400,21358595.654296875,6700,SUNCLAYLTD,47.15441020633411,0.010145407971409786
8166792.747116089,11723974.231338501,575,28800,28700,277955.0048828125,100,JKCEMENT,23.03785448330393,0.46960129978313864
276562.9928588867,237327.1499633789,26,1500,1100,95340.00244140624,400,RITES,0.6241504808816541,0.2028621362747726
1340685.5331420898,1754887.222290039,127,6500,6200,133500.0,300,ADVENZYMES,0.9097495550512836,0.40852360647491387
1672615.920829773,2228648.13785553,79,4000,3900,817664.990234375,100,ALKYLAMINE,194.52261774450136,0.8212866983704485
1700064.7979736328,2773797.6501464844,191,9600,9500,121169.9951171875,100,MUTHOOTFIN,8.184614763606241,0.7028572373913546
25863068.9743042,25976849.072265625,477,24400,23300,5872514.892578125,1100,PFIZER,19.695525929375112,0.2314611230587959
105678.83071899414,114356.1897277832,19,1000,900,14800.0,100,IBMFNIFTY,0.26003025970957927,0.22215763411706038
1564436.4756584167,1986986.4784240723,151,7600,7500,88179.99877929688,100,RELAXO,62.38166576137846,0.3264626013849517
2427677.8258800507,3130401.417541504,413,20700,20600,109000.0,100,POLYPLEX,128.39844187203144,0.3343621558874673
0.0,0.0,0,0,0,0.0,0,ICICITECH,0.0,0.0
2854498.3680725098,3573742.823410034,287,14400,14300,76290.00244140625,100,PHOENIXLTD,1.5490766461309238,0.2786950122925145
818324.6157646179,674761.5401268005,519,32700,19200,328725.0051498413,13500,MAHABANK,-0.03540951079934659,0.22626953405161127
4830278.006744385,7563498.264312744,213,10700,10600,467729.98046875,100,NAUKRI,31.8638964553848,0.6626844735577767
1316033.6242675781,768925.4150390625,74,5100,2300,938280.0170898438,2800,BDL,-0.05505326372177222,0.29723542062158925
907584.4978809357,962362.3609542847,438,22600,21200,132579.9957275391,1400,IOC,10.013066935061264,0.20643571947112213
375649.0587234497,411820.72830200195,248,13400,11400,86500.0,2000,GLOBAL,0.1229352397080536,0.3265592358874039
6732593.835449219,5657047.491455078,170,10000,7000,2881350.0366210938,3000,HAL,-0.058929694882007486,0.2682181246578147
2350106.2716960907,2783801.1318206787,353,18300,17000,351260.0158691406,1300,DENORA,22.606959241338444,0.3340082469663044
11023114.679145813,10881894.547653198,535,31300,22200,2386475.0,9100,GEPIL,5.598522793500537,0.2036860664032728
1914798.080444336,1511199.868774414,51,3100,2000,762684.9731445312,1100,GULFOILLUB,2.0393474411176977,0.18753244278962405
174347.66426086426,158106.89315795898,45,2600,1900,61985.00213623047,700,IRCON,0.20220474143913728,0.2623736384840883
1606320.9458351135,1749976.752948761,409,21300,19600,364310.0051879883,1700,APOLLOTYRE,37.7885822254747,0.31622933985807444
569490.8737182617,754511.2457275391,37,1900,1800,121894.9951171875,100,TIINDIA,3.7028694619126066,0.5389293863878526
2455928.4729003906,2480179.8889160156,69,3800,3100,700175.0,700,SBILIFE,0.42659714092038653,0.2949704863188036
42339545.247745514,44285055.81641197,364,19200,17200,14749799.8046875,2000,TTKPRESTIG,617.9805427749827,0.3943195486787366
4907774.993085861,2753374.9940872192,569,30600,26300,455584.98687744146,4300,V2RETAIL,-0.8649286159477295,-0.3461476971773388
1224952.3293495178,1451295.7938194275,363,19600,16700,440220.00885009766,2900,BANCOINDIA,148.45342650356477,0.5441546232856018
9367385.059547424,7855509.185218811,494,27100,22300,2250000.0,4800,CENTURYTEX,8.13123723583003,0.07879724394579851
878528.7055868655,1060279.0650248528,268,13800,13000,176719.99511718753,800,MOTHERSUMI,-4861.125146926905,0.40803487953841316
4180815.0024414062,4906650.012207031,65,3300,3200,202019.9951171875,100,SFL,1.006057271893033,0.22193161006669448
2037836.6920471191,610013.0432128906,154,12200,3200,1360349.9450683594,9000,NIACL,-0.573003216991994,-0.03311045680411618
2242420.4055786133,2201406.155395508,136,7500,6100,763280.0170898438,1400,OBEROIRLTY,1.0430056521080333,0.322092041755378
2617906.6537857056,2671334.278535843,321,17100,15000,1266720.0256347656,2100,CADILAHC,100.31000521525417,0.5042760590702737
16182010.05859375,13720074.951171875,96,5500,4100,6077119.7265625,1400,IDBIGOLD,0.6599299147764802,0.22340763638449945
685644.8535442352,601933.7101459503,296,18100,11500,54780.0012588501,6600,IDEA,-0.8368561829902067,-0.0421955214713331
6742551.989746094,1884571.8124389648,139,10200,3700,2389724.9603271484,6500,PNBHOUSING,-0.5776851005139997,-0.3660713659655338
1330078.3695697784,1746582.4937820435,231,11600,11500,52375.0,100,MINDAIND,49.595778928842016,0.352519922840281
1714440.005493164,1812240.0177001953,69,4000,2900,940115.0268554688,1100,FLUOROCHEM,0.19698882971157214,0.6053959518775581
3868880.17578125,4392114.2578125,75,3800,3700,252139.990234375,100,LTTS,2.0613239024324455,0.20041304900559562
25972048.265075684,33247918.618774414,417,20900,20800,517470.01953125,100,DRREDDY,14.607045881138745,0.30006645196750215
2304077.90517807,1745826.068496704,287,15800,12900,1187550.0,2900,TIIL,4.257429792515904,0.273123648251815
2215509.8552703857,2238970.94039917,402,21800,18400,628150.0,3400,NMDC,-0.05969143826536394,0.29411337691804584
1905639.5653247833,1736710.3170394897,362,21800,14400,109150.0,7400,DHFL,2.997448755253736,-0.03136965109931753
849845.973944664,980252.9235363007,386,22300,16300,71100.00228881837,6000,DISHTV,-0.8830349042785173,0.23710996822769645
802330.0003051758,645745.0028419495,337,20100,13600,317850.0099182129,6500,SANGHIIND,-0.07735846177586969,0.20099586503514452
1863974.1880320013,1398065.9387238324,175,9700,7800,1123375.0,1900,KANSAINER,7361.772928203247,0.3527230982667146
