timestamp,open,high,low,close,volume
2016-07-12,500.0,509.29998779296875,480.0,503.1000061035156,16364151
2016-07-13,503.0,507.45001220703125,462.0,467.70001220703125,2440691
2016-07-14,468.6000061035156,492.5,452.5,487.70001220703125,2381010
2016-07-15,487.0,497.8999938964844,475.1499938964844,491.45001220703125,1276616
2016-07-18,492.0,512.0,487.0,501.95001220703125,1506745
2016-07-19,502.3500061035156,507.3500061035156,490.0,495.04998779296875,669521
2016-07-20,495.04998779296875,507.70001220703125,490.8999938964844,496.29998779296875,756119
2016-07-21,496.8999938964844,499.45001220703125,486.3999938964844,487.8999938964844,331922
2016-07-22,490.0,492.79998779296875,481.0,482.79998779296875,329187
2016-07-25,485.8500061035156,495.04998779296875,475.1000061035156,481.95001220703125,296699
2016-07-26,485.8500061035156,496.8999938964844,482.79998779296875,489.8999938964844,356432
2016-07-27,494.70001220703125,531.9000244140625,491.1000061035156,523.75,1565742
2016-07-28,527.0,541.9000244140625,521.0999755859375,524.7999877929688,780663
2016-07-29,526.7999877929688,530.5,508.04998779296875,510.20001220703125,298546
2016-08-01,517.4500122070312,604.8499755859375,516.0,592.9000244140625,3669457
2016-08-02,598.0,618.7999877929688,580.1500244140625,602.5,1883855
2016-08-03,602.0,602.7999877929688,576.2000122070312,588.2999877929688,678231
2016-08-04,595.0,651.0,587.5,622.1500244140625,2289006
2016-08-05,626.0,632.0,613.25,621.2999877929688,476195
2016-08-08,625.75,625.75,556.25,559.0499877929688,1581862
2016-08-09,561.5,571.5,530.0499877929688,535.5999755859375,1375277
2016-08-10,539.7000122070312,556.0,536.25,550.2999877929688,1002765
2016-08-11,552.0,555.4500122070312,531.0,532.3499755859375,363157
2016-08-12,535.9000244140625,542.7999877929688,527.0499877929688,529.7999877929688,254952
2016-08-16,530.0999755859375,534.4500122070312,505.6000061035156,519.3499755859375,413017
2016-08-17,518.9000244140625,530.0,518.0,525.6500244140625,165209
2016-08-18,528.0,557.3499755859375,521.0,543.7999877929688,489208
2016-08-19,544.9000244140625,561.0,536.3499755859375,542.5,305984
2016-08-22,546.4000244140625,573.7000122070312,543.9000244140625,569.4500122070312,608750
2016-08-23,573.7999877929688,573.7999877929688,550.0999755859375,553.5,169895
2016-08-24,552.2000122070312,563.7999877929688,545.5,549.8499755859375,162799
2016-08-25,550.25,563.5,540.5499877929688,541.7999877929688,176349
2016-08-26,542.0,555.0,537.0,541.7000122070312,158455
2016-08-29,544.4000244140625,546.4500122070312,528.4500122070312,531.5999755859375,131200
2016-08-30,532.0999755859375,557.4000244140625,532.0999755859375,548.7999877929688,306524
2016-08-31,543.0999755859375,559.0,543.0999755859375,550.7999877929688,187513
2016-09-01,553.0499877929688,555.7000122070312,540.5999755859375,545.25,88041
2016-09-02,548.75,549.9000244140625,535.0,536.5499877929688,86255
2016-09-06,542.7999877929688,555.4500122070312,537.5,552.4000244140625,202703
2016-09-07,550.0,553.25,540.0499877929688,542.5499877929688,70291
2016-09-08,542.4000244140625,548.0,535.5,543.7999877929688,96553
2016-09-09,544.7999877929688,551.75,535.5,540.1500244140625,90962
2016-09-12,534.5999755859375,534.7000122070312,516.5,520.0,102587
2016-09-14,517.1500244140625,534.9000244140625,517.1500244140625,531.4500122070312,93389
2016-09-15,525.0,563.9000244140625,525.0,548.8499755859375,335891
2016-09-16,552.0,556.0,544.0499877929688,548.5,213728
2016-09-19,549.0,550.0,535.8499755859375,544.4000244140625,140395
2016-09-20,545.25,546.0,533.5499877929688,536.0,63363
2016-09-21,539.0,550.0,536.0,544.6500244140625,158475
2016-09-22,545.5999755859375,550.9500122070312,542.5,546.5,271641
2016-09-23,549.9000244140625,567.9500122070312,546.5,563.5999755859375,517305
2016-09-26,565.0,569.2999877929688,545.0,549.5999755859375,149408
2016-09-27,548.6500244140625,566.2000122070312,543.0,555.1500244140625,160599
2016-09-28,565.1500244140625,568.4500122070312,545.3499755859375,548.2999877929688,217857
2016-09-29,550.0,575.5,510.0,556.7999877929688,413911
2016-09-30,552.2000122070312,574.7000122070312,541.4000244140625,559.0999755859375,187528
2016-10-03,561.0,592.4000244140625,561.0,583.0,443267
2016-10-04,584.3499755859375,600.0,578.2000122070312,593.3499755859375,255994
2016-10-05,589.7000122070312,618.9500122070312,589.7000122070312,607.1500244140625,546197
2016-10-06,609.0,624.5,607.5999755859375,616.25,256471
2016-10-07,618.0999755859375,635.9000244140625,610.5499877929688,629.4500122070312,208119
2016-10-10,630.2000122070312,634.9500122070312,608.0499877929688,616.8499755859375,166054
2016-10-13,614.7999877929688,614.7999877929688,566.6500244140625,592.9500122070312,180593
2016-10-14,597.0,599.9000244140625,584.0,591.0999755859375,54380
2016-10-17,591.9500122070312,611.7999877929688,583.0999755859375,601.4000244140625,230508
2016-10-18,607.0,610.0,596.2000122070312,605.5999755859375,129136
2016-10-19,610.0,612.0,585.2000122070312,594.75,177726
2016-10-20,616.0,672.0,607.0,630.5499877929688,1924287
2016-10-21,633.0,638.8499755859375,617.0,626.0499877929688,239438
2016-10-24,627.0,628.7999877929688,600.25,604.5999755859375,165594
2016-10-25,609.0,611.0,591.7999877929688,593.7999877929688,109588
2016-10-26,590.0,609.0,582.25,587.0,169607
2016-10-27,590.0,594.25,573.1500244140625,587.0999755859375,102020
2016-10-28,589.9000244140625,610.0,585.0,597.1500244140625,158987
2016-11-01,600.2000122070312,613.0,594.0,610.3499755859375,157664
2016-11-02,596.2000122070312,602.7000122070312,592.0,594.25,71389
2016-11-03,594.1500244140625,599.5499877929688,580.0999755859375,585.1500244140625,55056
2016-11-04,584.5,585.3499755859375,551.2000122070312,555.7000122070312,74529
2016-11-07,561.0,576.5499877929688,561.0,567.2000122070312,55604
2016-11-08,570.0,580.0,566.2000122070312,571.6500244140625,67046
2016-11-09,550.0,579.0,515.0,570.25,244989
2016-11-10,579.0,598.0,579.0,591.1500244140625,61632
2016-11-11,581.0999755859375,594.9000244140625,566.4500122070312,582.7999877929688,52003
2016-11-15,585.0,603.2999877929688,557.3499755859375,594.2000122070312,164000
2016-11-16,590.0,601.0,584.0499877929688,590.7000122070312,108151
2016-11-17,585.0499877929688,599.9500122070312,585.0499877929688,596.4000244140625,62642
2016-11-18,592.8499755859375,599.7999877929688,587.0,592.9000244140625,87986
2016-11-21,593.5999755859375,598.0,551.5,578.0499877929688,288388
2016-11-22,586.0,601.9000244140625,575.75,596.5,58861
2016-11-23,600.0999755859375,608.0,585.0999755859375,602.1500244140625,104329
2016-11-24,600.0,626.7999877929688,595.0499877929688,616.0999755859375,98985
2016-11-25,621.7999877929688,621.9000244140625,600.5,609.7999877929688,33900
2016-11-28,618.9500122070312,624.0,612.0,614.7999877929688,43278
2016-11-29,620.7000122070312,704.0,617.0,677.9500122070312,1214939
2016-11-30,684.0,702.2000122070312,655.0999755859375,660.2999877929688,460193
2016-12-01,661.1500244140625,661.1500244140625,627.9500122070312,643.8499755859375,267195
2016-12-02,632.0999755859375,649.9000244140625,618.0999755859375,623.1500244140625,114216
2016-12-05,620.0,645.9000244140625,619.9000244140625,640.9000244140625,133131
2016-12-06,646.0,649.9000244140625,630.0,634.25,93581
2016-12-07,638.1500244140625,644.9000244140625,632.0,640.7999877929688,68717
2016-12-08,644.0,658.0,642.3499755859375,652.5499877929688,79871
2016-12-09,655.2000122070312,668.0,651.5999755859375,657.0,77592
2016-12-12,654.2999877929688,680.7000122070312,652.0499877929688,658.2000122070312,351418
2016-12-13,658.0,665.2000122070312,650.25,653.75,31293
2016-12-14,656.4000244140625,672.0,651.0,663.6500244140625,72589
2016-12-15,655.0,672.5,653.9500122070312,669.7000122070312,81203
2016-12-16,669.9000244140625,676.4500122070312,667.0499877929688,671.5999755859375,51217
2016-12-19,659.9500122070312,699.75,659.9500122070312,669.7000122070312,145336
2016-12-20,669.0,678.75,655.0,661.4500122070312,48149
2016-12-21,663.0,667.5,641.0,646.25,49046
2016-12-22,654.0,656.4000244140625,630.1500244140625,633.7000122070312,54545
2016-12-23,634.0,638.4500122070312,622.0499877929688,630.9000244140625,32852
2016-12-26,628.7999877929688,628.9000244140625,608.5499877929688,616.9000244140625,28438
2016-12-27,610.0,645.0499877929688,609.9000244140625,640.0,38990
2016-12-28,639.1500244140625,655.9000244140625,639.1500244140625,642.0,34876
2016-12-29,635.0999755859375,653.0,635.0999755859375,648.7000122070312,46422
2016-12-30,651.7000122070312,665.0,646.0999755859375,657.0499877929688,76703
2017-01-02,650.0999755859375,659.9000244140625,641.5999755859375,656.5,32552
2017-01-03,658.7000122070312,670.0,649.0,664.0499877929688,32097
2017-01-04,663.0,683.0999755859375,663.0,669.4000244140625,51466
2017-01-05,667.1500244140625,673.4500122070312,657.0,669.3499755859375,31415
2017-01-06,666.0,674.5999755859375,665.7999877929688,668.2000122070312,20793
2017-01-09,673.0,673.0,660.0,666.8499755859375,25660
2017-01-10,666.0,671.0499877929688,648.0499877929688,653.5,49391
2017-01-11,659.0,682.7000122070312,650.0,675.75,77071
2017-01-12,671.0,694.4000244140625,667.5999755859375,678.2999877929688,293999
2017-01-13,684.0,684.75,672.4500122070312,677.5499877929688,19533
2017-01-16,680.0,681.7999877929688,662.0,664.5499877929688,20564
2017-01-17,664.9500122070312,678.9000244140625,664.8499755859375,667.5999755859375,18966
2017-01-18,676.9500122070312,684.25,669.75,675.0999755859375,1634744
2017-01-19,680.0,680.0,663.5499877929688,667.7000122070312,40691
2017-01-20,664.0,677.7000122070312,662.3499755859375,669.25,37290
2017-01-23,666.3499755859375,680.0,656.1500244140625,670.5999755859375,50415
2017-01-24,690.0999755859375,710.0,661.0,684.4000244140625,182161
2017-01-25,700.0,744.0,690.1500244140625,730.9500122070312,308026
2017-01-27,731.0,732.7999877929688,705.0,711.2999877929688,91039
2017-01-30,705.0,715.8499755859375,665.7999877929688,684.5999755859375,65077
2017-01-31,690.0,690.0,673.0499877929688,677.7000122070312,33945
2017-02-01,678.7000122070312,697.8499755859375,675.0,677.5,54880
2017-02-02,674.0999755859375,688.0,666.7000122070312,676.4500122070312,41680
2017-02-03,688.0,688.0,667.0,673.0999755859375,46066
2017-02-06,676.1500244140625,682.75,671.0,677.5499877929688,92661
2017-02-07,678.2999877929688,686.0,674.0499877929688,683.0,62684
2017-02-08,687.9500122070312,687.9500122070312,675.0499877929688,679.6500244140625,160246
2017-02-09,683.7000122070312,683.7000122070312,672.4000244140625,675.6500244140625,21381
2017-02-10,676.2000122070312,678.4000244140625,654.0499877929688,657.5499877929688,38653
2017-02-13,662.0,662.0,641.25,649.5,32057
2017-02-14,649.5,664.0499877929688,649.5,659.7000122070312,20967
2017-02-15,657.9500122070312,660.3499755859375,640.0999755859375,652.3499755859375,27237
2017-02-16,652.9000244140625,659.9000244140625,646.0,648.0499877929688,28362
2017-02-17,654.0499877929688,656.9000244140625,640.8499755859375,654.9500122070312,66665
2017-02-20,649.2999877929688,656.8499755859375,646.1500244140625,648.7999877929688,21678
2017-02-21,651.6500244140625,660.0,648.3499755859375,655.2999877929688,98326
2017-02-22,657.7999877929688,659.0,646.0,654.4000244140625,26327
2017-02-23,658.9500122070312,659.0,644.0,645.2000122070312,42726
2017-02-27,649.0,657.5499877929688,642.0999755859375,649.5499877929688,39106
2017-02-28,651.0,656.0,647.0999755859375,652.9000244140625,43921
2017-03-01,646.0,657.7999877929688,646.0,651.0499877929688,25527
2017-03-02,650.0499877929688,652.1500244140625,634.0,636.9500122070312,31229
2017-03-03,640.1500244140625,640.1500244140625,630.0,638.5,27865
2017-03-06,638.0999755859375,641.0,632.4500122070312,638.9500122070312,26463
2017-03-07,639.9000244140625,659.0,632.5,640.7000122070312,99955
2017-03-08,641.0,648.75,632.5999755859375,638.5499877929688,54648
2017-03-09,633.3499755859375,640.9000244140625,632.0,639.0,87905
2017-03-10,639.0,680.0,633.0999755859375,665.5,138841
2017-03-14,690.0,694.0,675.0,679.4000244140625,124933
2017-03-15,688.0,690.0,674.0999755859375,680.0499877929688,154345
2017-03-16,695.0,695.0,686.0,689.1500244140625,88548
2017-03-17,694.0,694.0,675.1500244140625,684.0999755859375,46021
2017-03-20,686.0,691.8499755859375,682.0,685.75,45203
2017-03-21,682.75,695.0999755859375,680.0,692.2999877929688,64023
2017-03-22,699.2999877929688,700.0,677.7999877929688,688.5499877929688,64918
2017-03-23,691.9000244140625,700.0,684.9000244140625,689.2000122070312,60844
2017-03-24,689.2000122070312,700.0,687.9000244140625,691.25,51540
2017-03-27,690.25,694.9000244140625,685.0,690.75,30491
2017-03-28,687.7000122070312,721.0,685.0499877929688,688.5,52914
2017-03-29,688.5,693.5499877929688,683.3499755859375,688.7000122070312,33890
2017-03-30,688.7000122070312,696.0,685.0,689.7000122070312,33310
2017-03-31,694.9500122070312,698.0,682.7000122070312,690.4000244140625,65228
2017-04-03,683.0,714.0,683.0,706.75,83195
2017-04-05,710.0,724.7999877929688,706.75,719.9500122070312,84996
2017-04-06,723.9000244140625,734.0,711.0499877929688,729.7000122070312,49382
2017-04-07,721.5,731.5,719.9500122070312,723.0499877929688,43925
2017-04-10,723.5499877929688,733.0,707.0999755859375,722.9000244140625,52529
2017-04-11,710.0999755859375,777.0,710.0999755859375,741.7000122070312,182222
2017-04-12,760.25,775.0,743.2999877929688,762.75,135521
2017-04-13,765.0,766.9000244140625,744.0,751.1500244140625,36446
2017-04-17,750.0,774.0,733.0,759.0499877929688,104273
2017-04-18,755.5,782.0,741.0,749.1500244140625,59223
2017-04-19,750.0,757.7000122070312,742.0,745.75,23054
2017-04-20,748.8499755859375,774.0,737.2999877929688,761.0999755859375,123238
2017-04-21,758.0,785.0,749.3499755859375,782.5999755859375,168855
2017-04-24,782.0,785.0499877929688,769.5499877929688,779.25,44445
2017-04-25,781.1500244140625,799.9000244140625,781.1500244140625,797.75,134309
2017-04-26,800.0,814.0,776.5499877929688,793.6500244140625,88248
2017-04-27,785.2000122070312,799.0,770.0,791.75,39940
2017-04-28,779.0,795.0,779.0,794.4500122070312,50245
2017-05-02,790.5,801.0,769.5999755859375,789.2000122070312,60931
2017-05-03,794.4000244140625,797.0,778.5999755859375,791.1500244140625,23510
2017-05-04,784.9500122070312,823.0,782.6500244140625,803.9500122070312,48471
2017-05-05,796.6500244140625,819.9000244140625,795.0,816.4500122070312,47799
2017-05-08,808.0999755859375,829.9000244140625,803.5,825.8499755859375,38653
2017-05-09,825.0,853.9000244140625,817.2000122070312,847.6500244140625,48065
2017-05-10,840.0499877929688,889.0,840.0499877929688,879.0,100001
2017-05-11,880.3499755859375,898.0,851.2000122070312,857.8499755859375,83762
2017-05-12,862.8499755859375,864.0999755859375,828.0,833.5999755859375,46058
2017-05-15,835.0,850.6500244140625,821.9000244140625,841.6500244140625,38530
2017-05-16,849.0,859.0,821.5499877929688,849.6500244140625,54941
2017-05-17,840.0,851.5,810.0999755859375,824.0,95056
2017-05-18,818.0,834.9500122070312,810.0999755859375,832.25,46222
2017-05-19,839.9000244140625,840.0,815.4000244140625,835.6500244140625,42994
2017-05-22,836.2000122070312,840.0,812.1500244140625,820.1500244140625,47037
2017-05-23,815.0,816.7000122070312,774.7999877929688,784.5499877929688,58184
2017-05-24,780.0,834.0,771.0,820.0499877929688,100120
2017-05-25,830.0,845.0,807.0,840.9000244140625,33691
2017-05-26,842.0,859.0,838.0,848.6500244140625,55474
2017-05-29,849.7000122070312,853.5,830.0,841.2000122070312,27021
2017-05-30,840.9000244140625,870.0,830.6500244140625,864.4500122070312,51909
2017-05-31,863.0,899.9000244140625,853.2999877929688,894.4500122070312,49480
2017-06-01,909.4500122070312,933.9000244140625,891.0,913.8499755859375,78644
2017-06-02,914.9000244140625,934.7000122070312,905.0,928.2999877929688,51461
2017-06-05,922.0999755859375,930.0,906.5499877929688,915.0999755859375,41966
2017-06-06,915.0999755859375,915.0999755859375,894.5,902.4000244140625,27228
2017-06-07,896.7999877929688,903.9500122070312,892.75,899.3499755859375,24854
2017-06-08,904.7000122070312,919.9000244140625,890.0,905.4500122070312,36757
2017-06-09,895.25,909.3499755859375,887.0,895.5999755859375,53879
2017-06-12,893.9500122070312,901.2000122070312,876.5499877929688,894.8499755859375,41370
2017-06-13,892.0,904.9500122070312,882.2999877929688,890.4000244140625,28295
2017-06-14,895.0,895.0,881.0999755859375,885.0,27478
2017-06-15,881.0,899.0,881.0,896.6500244140625,28044
2017-06-16,900.0,915.0,890.0999755859375,907.2000122070312,47510
2017-06-19,912.7999877929688,919.9500122070312,882.5999755859375,893.7999877929688,35887
2017-06-20,890.6500244140625,914.7000122070312,845.5499877929688,900.5999755859375,52403
2017-06-21,889.0,908.9500122070312,883.0,897.1500244140625,31087
2017-06-22,899.9500122070312,909.9000244140625,882.0,889.3499755859375,35349
2017-06-23,901.0,920.0,885.2000122070312,895.8499755859375,67864
2017-06-27,891.0,920.0,878.25,898.8499755859375,48442
2017-06-28,899.9000244140625,909.0,888.0,896.25,33539
2017-06-29,906.0,915.0,900.0,908.2000122070312,41962
2017-06-30,901.25,942.4000244140625,896.0,927.5999755859375,97983
2017-07-03,927.5999755859375,944.7999877929688,910.4500122070312,934.6500244140625,48163
2017-07-04,934.6500244140625,954.9500122070312,926.0999755859375,944.3499755859375,53463
2017-07-05,945.0,945.0,915.0,917.4000244140625,30370
2017-07-06,927.0,927.0,878.0,884.6500244140625,40555
2017-07-07,887.6500244140625,896.9500122070312,862.9000244140625,892.4500122070312,41313
2017-07-10,877.0,904.75,877.0,899.9000244140625,6514
2017-07-11,905.0,914.0,877.0,908.0999755859375,35526
2017-07-12,903.4500122070312,924.5,896.5,918.75,51574
2017-07-13,920.0,941.0,915.0999755859375,924.75,36436
2017-07-14,925.0,948.8499755859375,897.2999877929688,940.8499755859375,53441
2017-07-17,942.0,964.0,929.0,955.2000122070312,43490
2017-07-18,954.9000244140625,970.0,930.0,935.9000244140625,65125
2017-07-19,941.7999877929688,947.0,916.25,922.6500244140625,35540
2017-07-20,915.0,931.0,907.3499755859375,922.5999755859375,38168
2017-07-21,920.7000122070312,929.7999877929688,910.0,918.0499877929688,50239
2017-07-24,925.9000244140625,939.9000244140625,888.0,893.7999877929688,53869
2017-07-25,894.9000244140625,915.0,890.0499877929688,897.1500244140625,59917
2017-07-26,888.0,898.9000244140625,863.0,874.25,43765
2017-07-27,872.0,894.5,861.0,886.5,35667
2017-07-28,889.9000244140625,904.0,870.0,896.75,33596
2017-07-31,885.1500244140625,904.0,883.25,896.5999755859375,47094
2017-08-01,896.5999755859375,902.0,885.0,891.9000244140625,27350
2017-08-02,899.8499755859375,900.0,880.0,898.5,30545
2017-08-03,897.9500122070312,900.0,887.25,896.5499877929688,19934
2017-08-04,893.0,900.0,883.25,897.9500122070312,22564
2017-08-07,900.0,900.0,890.0499877929688,896.6500244140625,30806
2017-08-08,896.0,900.0,890.4000244140625,897.7999877929688,18189
2017-08-09,899.9000244140625,920.0,891.0,894.5499877929688,82658
2017-08-10,905.5,909.0,886.0,891.5999755859375,35577
2017-08-11,888.9500122070312,891.9000244140625,860.0,866.0,42559
2017-08-14,866.5999755859375,909.8499755859375,866.0,899.0,48076
2017-08-16,893.0,908.0,882.5,894.8499755859375,31737
2017-08-17,892.1500244140625,909.9500122070312,888.0499877929688,897.75,22443
2017-08-18,895.0,908.4000244140625,887.5,893.9500122070312,24354
2017-08-21,891.0999755859375,901.75,870.0,877.2000122070312,64378
2017-08-22,871.1500244140625,882.7000122070312,864.0,869.7000122070312,242841
2017-08-23,850.0,868.7999877929688,801.1500244140625,810.25,391627
2017-08-24,817.7999877929688,829.0,798.0,827.3499755859375,288497
2017-08-28,830.0999755859375,833.7000122070312,808.0,823.6500244140625,51694
2017-08-29,815.0,841.0,815.0,839.75,120905
2017-08-30,839.0,846.0,834.2000122070312,844.9500122070312,99917
2017-08-31,848.7000122070312,849.0,827.0499877929688,847.4500122070312,45693
2017-09-01,847.9000244140625,848.3499755859375,836.0,843.5,74596
2017-09-04,843.5,848.0,837.0,845.5,67038
2017-09-05,844.9500122070312,845.0,817.25,836.2999877929688,50437
2017-09-06,829.5,835.5999755859375,816.5,829.5499877929688,54418
2017-09-07,829.0,834.0,825.0,831.1500244140625,26900
2017-09-08,826.0499877929688,837.8499755859375,813.5,831.0999755859375,63720
2017-09-11,835.0,835.0,804.7999877929688,810.0,92739
2017-09-12,818.0,834.7000122070312,812.25,833.4500122070312,439928
2017-09-13,834.5,847.0,820.0999755859375,842.3499755859375,113046
2017-09-14,842.0,849.9000244140625,829.0,840.9500122070312,96489
2017-09-15,843.3499755859375,845.0499877929688,832.0499877929688,836.5,43733
2017-09-18,838.0,848.9500122070312,830.0,839.5,46154
2017-09-19,836.0,845.0,833.1500244140625,844.4000244140625,22962
2017-09-20,838.0499877929688,850.0,838.0499877929688,849.5499877929688,35100
2017-09-21,849.0,852.8499755859375,833.5499877929688,849.9500122070312,217114
2017-09-22,849.4500122070312,849.4500122070312,805.5499877929688,822.2000122070312,47132
2017-09-25,820.0499877929688,840.0,791.1500244140625,834.2999877929688,39691
2017-09-26,833.4000244140625,833.4000244140625,816.0499877929688,826.75,32066
2017-09-27,833.0,833.0,804.0499877929688,813.2000122070312,42382
2017-09-28,811.1500244140625,830.0,802.0,825.7999877929688,39132
2017-09-29,829.9000244140625,839.0,823.5499877929688,835.9000244140625,44489
2017-10-03,835.9000244140625,840.0,822.25,827.75,35726
2017-10-04,831.7999877929688,838.7999877929688,824.4000244140625,831.9500122070312,20275
2017-10-05,823.0,834.6500244140625,822.25,828.0999755859375,21988
2017-10-06,832.7999877929688,835.0,825.0,833.5,27491
2017-10-09,835.9500122070312,838.7999877929688,821.5499877929688,827.8499755859375,19847
2017-10-10,824.0,834.7999877929688,824.0,831.9000244140625,15545
2017-10-11,824.0,831.9500122070312,821.0,822.5499877929688,14102
2017-10-12,825.0,831.9000244140625,821.0,830.0,19653
2017-10-13,837.9500122070312,837.9500122070312,825.4000244140625,830.8499755859375,16277
2017-10-16,830.9000244140625,848.1500244140625,805.0499877929688,835.2999877929688,35566
2017-10-17,835.9500122070312,835.9500122070312,827.0,831.0,46062
2017-10-18,833.9500122070312,837.6500244140625,823.0,829.25,24576
2017-10-19,835.0,850.0,832.0,837.6500244140625,16058
2017-10-23,839.9000244140625,839.9000244140625,823.0499877929688,830.2000122070312,58361
2017-10-24,830.75,847.7000122070312,826.0,835.2000122070312,31089
2017-10-25,835.0,850.0,823.0,849.4000244140625,95701
2017-10-26,874.0,900.0,861.0,866.0499877929688,390225
2017-10-27,890.0,891.9500122070312,864.0499877929688,867.0499877929688,48554
2017-10-30,875.0499877929688,879.7999877929688,842.5499877929688,859.0999755859375,26515
2017-10-31,861.0,861.0,845.0,848.5,52222
2017-11-01,857.9500122070312,857.9500122070312,837.0,842.2999877929688,59060
2017-11-02,844.7999877929688,849.0,835.0499877929688,841.5999755859375,23126
2017-11-03,847.9500122070312,848.0499877929688,832.0,834.9500122070312,22995
2017-11-06,841.9000244140625,841.9000244140625,827.0,829.5999755859375,26560
2017-11-07,835.0999755859375,835.0999755859375,808.0,812.75,53415
2017-11-08,823.75,823.75,799.0,800.3499755859375,234121
2017-11-09,813.9500122070312,825.0,795.0,821.9500122070312,84040
2017-11-10,822.0499877929688,837.8499755859375,819.0499877929688,826.4500122070312,151131
2017-11-13,835.0,840.0,821.0,830.0,182528
2017-11-14,838.7000122070312,848.5,813.5,820.5499877929688,84709
2017-11-15,820.5499877929688,825.0499877929688,803.0,808.6500244140625,45332
2017-11-16,808.0,824.7000122070312,808.0,817.0,31929
2017-11-17,825.5499877929688,837.9000244140625,808.0,818.5999755859375,45558
2017-11-20,818.0,870.0,817.9000244140625,865.2000122070312,340875
2017-11-21,918.0,948.0,895.0,908.7000122070312,854926
2017-11-22,903.7000122070312,924.7999877929688,880.5999755859375,914.4000244140625,185936
2017-11-23,840.0,868.0,835.6500244140625,858.0,1665381
2017-11-24,853.0,975.0,850.0499877929688,924.4500122070312,4513011
2017-11-27,910.0,923.0,899.9500122070312,914.4000244140625,1205363
2017-11-28,919.7999877929688,931.7999877929688,909.9500122070312,921.9500122070312,545237
2017-11-29,924.0,943.8499755859375,917.0,932.5999755859375,511259
2017-11-30,936.0999755859375,949.9000244140625,926.0999755859375,941.1500244140625,794351
2017-12-01,941.0,953.5499877929688,909.8499755859375,923.4500122070312,247001
2017-12-04,927.9000244140625,945.0,916.8499755859375,939.25,164811
2017-12-05,930.5,951.0,927.25,944.7999877929688,150639
2017-12-06,932.0,945.0,932.0,939.0499877929688,106106
2017-12-07,944.2999877929688,968.7999877929688,940.0,951.6500244140625,253571
2017-12-08,959.5,984.0,953.2000122070312,977.5,334585
2017-12-11,989.9000244140625,1079.0,978.5,1063.4000244140625,862528
2017-12-12,1079.0,1113.25,1035.0,1051.25,471227
2017-12-13,1042.0,1050.949951171875,1003.4000244140625,1011.25,182621
2017-12-14,1017.9500122070312,1027.949951171875,1003.5,1022.75,119774
2017-12-15,1040.0,1054.4000244140625,1026.75,1038.449951171875,122364
2017-12-18,1030.0,1060.0,995.25,1036.1500244140625,84051
2017-12-19,1045.0,1070.0,1031.5,1051.3499755859375,809353
2017-12-20,1052.0,1083.699951171875,1045.050048828125,1074.949951171875,173595
2017-12-21,1071.0,1090.0,1062.1500244140625,1080.1500244140625,79932
2017-12-22,1089.0,1093.699951171875,1065.5,1073.949951171875,69786
2017-12-26,1079.8499755859375,1098.0,1062.949951171875,1089.300048828125,79646
2017-12-27,1100.0,1100.5999755859375,1081.0,1086.449951171875,55991
2017-12-28,1095.0,1151.5,1095.0,1132.199951171875,237318
2017-12-29,1146.0,1164.949951171875,1140.0,1154.1500244140625,122359
2018-01-01,1154.6500244140625,1164.4000244140625,1131.0999755859375,1154.6500244140625,85157
2018-01-02,1155.0,1194.1500244140625,1138.0,1178.550048828125,100049
2018-01-03,1194.9000244140625,1194.9000244140625,1141.949951171875,1159.3499755859375,208647
2018-01-04,1162.0,1162.9000244140625,1122.550048828125,1132.3499755859375,165395
2018-01-05,1132.0,1140.949951171875,1105.949951171875,1130.9000244140625,186091
2018-01-08,1130.0999755859375,1139.0,1115.0,1122.949951171875,39177
2018-01-09,1129.0,1129.0,1073.3499755859375,1085.25,82088
2018-01-10,1094.699951171875,1099.0,1052.3499755859375,1061.25,111430
2018-01-11,1069.6500244140625,1069.6500244140625,1047.0,1054.949951171875,89782
2018-01-12,1053.5,1087.0,1047.0,1069.949951171875,131094
2018-01-15,1063.800048828125,1099.949951171875,1063.800048828125,1087.3499755859375,82762
2018-01-16,1089.0999755859375,1090.5999755859375,1030.050048828125,1047.800048828125,109317
2018-01-17,1036.25,1061.550048828125,1018.75,1053.699951171875,74733
2018-01-18,1048.0,1065.0,1030.0,1040.4000244140625,67835
2018-01-19,1044.75,1061.25,1025.300048828125,1052.0,61270
2018-01-22,1050.0,1087.0999755859375,1048.9000244140625,1075.25,205101
2018-01-23,1093.75,1094.0999755859375,1051.0999755859375,1057.4000244140625,166158
2018-01-24,1065.0,1109.9000244140625,1060.9000244140625,1103.449951171875,101607
2018-01-25,1138.0,1167.0,1099.6500244140625,1112.8499755859375,459956
2018-01-29,1115.0,1119.75,1054.9000244140625,1068.1500244140625,68118
2018-01-30,1098.9000244140625,1098.9000244140625,1038.949951171875,1042.9000244140625,85820
2018-01-31,975.1500244140625,1017.9000244140625,947.8499755859375,984.25,6890064
2018-02-01,995.0,1038.0,971.6500244140625,1019.25,860014
2018-02-02,1004.9500122070312,1016.5499877929688,960.0,1000.1500244140625,282018
2018-02-05,985.0,1002.0,966.0,976.9500122070312,238711
2018-02-06,951.0,959.0,914.6500244140625,937.8499755859375,419665
2018-02-07,948.9500122070312,977.5,945.2000122070312,955.7000122070312,177367
2018-02-08,964.7999877929688,975.0,955.5499877929688,963.5499877929688,216265
2018-02-09,950.0,950.0499877929688,930.5,935.0999755859375,114941
2018-02-12,944.7999877929688,959.0,940.0,950.2000122070312,76864
2018-02-14,960.0,965.0,948.0,957.1500244140625,163981
2018-02-15,960.7999877929688,975.0499877929688,944.0,969.8499755859375,253310
2018-02-16,976.0,976.0,950.25,963.75,109385
2018-02-19,970.0,995.0,946.5,987.4500122070312,88945
2018-02-20,987.4500122070312,994.9500122070312,965.0,985.0,175140
2018-02-21,985.0,990.5,973.5999755859375,979.2999877929688,71869
2018-02-22,975.0,989.3499755859375,940.0,960.9000244140625,83457
2018-02-23,961.0,997.9500122070312,961.0,989.2999877929688,109289
2018-02-26,999.0999755859375,1017.0,977.8499755859375,1000.7000122070312,157737
2018-02-27,1014.3499755859375,1014.3499755859375,982.5,1000.4000244140625,105158
2018-02-28,999.0,1040.0,989.5999755859375,1034.3499755859375,438419
2018-03-01,1032.6500244140625,1068.9000244140625,981.5999755859375,1009.9000244140625,284853
2018-03-05,999.7000122070312,1004.7000122070312,915.6500244140625,991.4000244140625,416053
2018-03-06,989.9000244140625,990.9500122070312,950.0,973.6500244140625,138341
2018-03-07,969.7000122070312,969.7000122070312,934.0499877929688,955.5,149189
2018-03-08,955.7999877929688,974.2000122070312,942.4500122070312,965.7000122070312,47926
2018-03-09,965.7000122070312,995.4000244140625,960.5,988.7000122070312,85399
2018-03-12,990.0,1033.300048828125,990.0,1026.800048828125,220107
2018-03-13,1026.0,1049.0,1011.2000122070312,1026.25,186485
2018-03-14,1030.5,1031.0,1003.5499877929688,1016.0499877929688,155580
2018-03-15,1020.0,1039.949951171875,1012.8499755859375,1017.25,70824
2018-03-16,1014.0,1042.0999755859375,1014.0,1030.949951171875,1177354
2018-03-19,1038.0,1057.9000244140625,1030.0,1046.0,136612
2018-03-20,1040.0,1050.0,1021.25,1045.8499755859375,91846
2018-03-21,1055.0,1055.0,1021.0499877929688,1029.8499755859375,77842
2018-03-22,1025.0,1055.0,1021.8499755859375,1030.5999755859375,76813
2018-03-23,1030.0,1077.5,1004.5499877929688,1051.1500244140625,160729
2018-03-26,1059.949951171875,1075.0,1042.550048828125,1055.949951171875,126127
2018-03-27,1060.0,1069.0,1044.0,1049.800048828125,29238
2018-03-28,1055.0,1070.949951171875,1021.5,1028.0,100273
2018-04-02,1035.0,1046.5,1011.5999755859375,1019.4500122070312,72618
2018-04-03,1017.0999755859375,1024.0,1000.0499877929688,1006.4000244140625,318851
2018-04-04,1014.0,1019.0999755859375,1006.1500244140625,1015.0,391895
2018-04-05,1015.0999755859375,1068.0,1015.0999755859375,1057.550048828125,633272
2018-04-06,1055.0999755859375,1071.3499755859375,1040.550048828125,1067.3499755859375,203726
2018-04-09,1075.0,1075.0,1044.199951171875,1060.3499755859375,65147
2018-04-10,1067.0,1067.0,1031.199951171875,1035.449951171875,20389
2018-04-11,1040.0,1056.550048828125,1035.0,1045.449951171875,38223
2018-04-12,1052.800048828125,1059.0,1025.800048828125,1035.3499755859375,30761
2018-04-13,1039.0,1048.449951171875,1036.0,1041.4000244140625,25179
2018-04-16,1042.0,1070.699951171875,1032.0,1046.050048828125,239781
2018-04-17,1054.800048828125,1065.5,1050.0,1055.800048828125,68822
2018-04-18,1061.050048828125,1087.0999755859375,1050.0,1057.800048828125,422893
2018-04-19,1057.800048828125,1068.949951171875,1043.75,1064.449951171875,22339
2018-04-20,1067.0,1077.0,1044.0,1053.9000244140625,29352
2018-04-23,1053.9000244140625,1075.0,1048.0,1063.449951171875,139104
2018-04-24,1064.0,1087.5,1052.5999755859375,1065.199951171875,48916
2018-04-25,1062.3499755859375,1144.800048828125,1062.0,1115.4000244140625,319433
2018-04-26,1137.0,1185.75,1121.199951171875,1161.6500244140625,366881
2018-04-27,1161.6500244140625,1169.0,1141.949951171875,1162.699951171875,52346
2018-04-30,1160.0999755859375,1167.9000244140625,1132.0,1162.25,88942
2018-05-02,1172.0,1172.0,1135.5999755859375,1139.699951171875,44458
2018-05-03,1144.199951171875,1197.0,1125.050048828125,1166.75,118655
2018-05-04,1169.0,1175.0,1155.0,1167.449951171875,64884
2018-05-07,1177.0,1204.800048828125,1165.0,1188.9000244140625,141330
2018-05-08,1189.0,1249.0,1189.0,1233.199951171875,263174
2018-05-09,1243.300048828125,1249.0,1210.0,1223.75,71083
2018-05-10,1226.550048828125,1231.25,1205.0,1218.800048828125,48487
2018-05-11,1217.5,1217.5,1180.0,1189.949951171875,36497
2018-05-14,1177.0,1198.75,1145.0,1164.6500244140625,127314
2018-05-15,1189.0,1208.9000244140625,1161.0,1192.800048828125,152000
2018-05-16,1181.199951171875,1205.949951171875,1175.0,1192.199951171875,102288
2018-05-17,1199.0,1225.0,1161.050048828125,1173.050048828125,73633
2018-05-18,1180.0,1199.949951171875,1135.0,1159.050048828125,130259
2018-05-21,1189.0,1189.0,1076.949951171875,1106.550048828125,86949
2018-05-22,1109.800048828125,1133.0,1089.550048828125,1117.050048828125,111666
2018-05-23,1111.0,1143.0,1102.1500244140625,1119.6500244140625,67353
2018-05-24,1122.0,1135.800048828125,1052.699951171875,1070.6500244140625,78467
2018-05-25,1077.75,1137.0,1057.0,1128.9000244140625,56656
2018-05-28,1139.9000244140625,1174.949951171875,1133.5,1156.449951171875,90097
2018-05-29,1169.8499755859375,1171.800048828125,1145.0,1153.8499755859375,25861
2018-05-30,1140.0,1190.0,1139.5999755859375,1178.3499755859375,119871
2018-05-31,1178.3499755859375,1188.949951171875,1121.1500244140625,1173.449951171875,154560
2018-06-01,1160.199951171875,1199.9000244140625,1158.1500244140625,1173.0,68964
2018-06-04,1178.949951171875,1178.949951171875,1136.0999755859375,1159.4000244140625,42111
2018-06-05,1159.0,1175.0,1132.0,1147.25,46179
2018-06-06,1147.25,1147.25,1051.5,1092.75,48102
2018-06-07,1104.5999755859375,1147.800048828125,1104.5999755859375,1132.550048828125,58516
2018-06-08,1137.0999755859375,1180.0,1134.9000244140625,1155.550048828125,520450
2018-06-11,1165.5,1206.1500244140625,1165.5,1198.300048828125,73310
2018-06-12,1201.0,1284.0,1201.0,1270.699951171875,274082
2018-06-13,1280.0,1303.1500244140625,1240.199951171875,1255.25,233684
2018-06-14,1259.0,1267.800048828125,1228.0999755859375,1233.199951171875,56288
2018-06-15,1244.0,1244.199951171875,1203.3499755859375,1213.5999755859375,48218
2018-06-18,1224.0,1225.0,1184.75,1194.800048828125,38717
2018-06-19,1199.0,1199.0,1140.050048828125,1148.5999755859375,42976
2018-06-20,1152.449951171875,1157.9000244140625,1085.25,1102.5,119090
2018-06-21,1105.0999755859375,1138.4000244140625,1092.1500244140625,1101.800048828125,73881
2018-06-22,1108.800048828125,1123.800048828125,1080.0,1094.3499755859375,245738
2018-06-25,1080.0,1108.550048828125,1075.050048828125,1081.550048828125,42017
2018-06-26,1079.6500244140625,1094.0,1060.3499755859375,1065.800048828125,47151
2018-06-27,1074.800048828125,1093.800048828125,1055.0,1082.1500244140625,114452
2018-06-28,1094.800048828125,1099.0,1070.0,1080.5,51604
2018-06-29,1084.9000244140625,1149.0,1075.0,1141.0999755859375,122693
2018-07-02,1142.0,1144.4000244140625,1090.0,1100.0,56873
2018-07-03,1098.0,1103.0,1070.0,1075.9000244140625,57174
2018-07-04,1080.0,1095.0,1056.0,1081.5,168209
2018-07-05,1085.5,1121.699951171875,1085.5,1106.0999755859375,151335
2018-07-06,1121.949951171875,1130.0,1095.0,1102.9000244140625,48022
2018-07-09,1113.949951171875,1122.699951171875,1083.3499755859375,1094.199951171875,29125
2018-07-10,1094.199951171875,1108.5999755859375,1082.199951171875,1095.199951171875,61000
2018-07-11,1084.199951171875,1099.8499755859375,1081.0999755859375,1086.050048828125,25119
2018-07-12,1085.5,1095.0,1065.0999755859375,1070.5999755859375,54979
2018-07-13,1075.0,1084.4000244140625,1061.0,1070.300048828125,106092
2018-07-16,1074.0,1079.699951171875,1005.25,1041.050048828125,77713
2018-07-17,1041.050048828125,1094.0,1021.0,1069.25,54921
2018-07-18,1060.0,1088.0,1059.199951171875,1073.3499755859375,70276
2018-07-19,1098.0,1106.8499755859375,1070.0,1081.5999755859375,58031
2018-07-20,1075.0,1082.0,1062.300048828125,1078.1500244140625,47283
2018-07-23,1078.1500244140625,1110.0999755859375,1065.5999755859375,1096.800048828125,38409
2018-07-24,1097.9000244140625,1112.0,1084.5,1097.050048828125,33814
2018-07-25,1097.050048828125,1108.9000244140625,1083.5,1100.3499755859375,31893
2018-07-26,1101.0,1138.5,1097.0999755859375,1128.0999755859375,40194
2018-07-27,1138.0,1138.5,1060.0999755859375,1070.550048828125,98325
2018-07-30,1070.0,1079.050048828125,1016.5,1024.6500244140625,132243
2018-07-31,1025.0,1028.449951171875,966.0,972.3499755859375,236358
2018-08-01,980.0,1025.199951171875,975.1500244140625,1015.0999755859375,121251
2018-08-02,1019.7999877929688,1031.5,997.4000244140625,1004.0999755859375,100570
2018-08-03,1009.0499877929688,1010.9500122070312,980.0,982.5999755859375,117818
2018-08-06,989.9500122070312,995.0,979.0,983.0,73890
2018-08-07,983.0,994.9500122070312,965.0,974.5999755859375,449891
2018-08-08,983.0499877929688,1025.0,976.5999755859375,1020.5999755859375,219412
2018-08-09,1025.5,1037.0,1010.0,1026.75,70607
2018-08-10,1029.0999755859375,1035.0,1010.0,1027.199951171875,39906
2018-08-13,1010.0,1033.550048828125,1010.0,1029.0,27166
2018-08-14,1035.5999755859375,1035.5999755859375,1003.0,1020.7000122070312,117566
2018-08-16,1020.7000122070312,1023.7000122070312,1002.0999755859375,1015.2000122070312,39008
2018-08-17,1016.0,1050.0,1015.0,1036.699951171875,66215
2018-08-20,1040.0,1069.949951171875,1038.949951171875,1063.800048828125,68668
2018-08-21,1063.800048828125,1106.3499755859375,1063.5999755859375,1087.699951171875,303710
2018-08-23,1119.949951171875,1119.949951171875,1079.0,1084.3499755859375,39759
2018-08-24,1075.449951171875,1083.949951171875,1062.0,1075.0,37663
2018-08-27,1070.0,1092.300048828125,1070.0,1088.6500244140625,578583
2018-08-28,1087.9000244140625,1091.1500244140625,1045.0,1068.3499755859375,26509
2018-08-29,1054.0,1077.949951171875,1038.0,1050.1500244140625,24953
2018-08-30,1043.699951171875,1051.5999755859375,1007.0,1010.2000122070312,55985
2018-08-31,1012.9500122070312,1015.0,970.2000122070312,977.0499877929688,215062
2018-09-03,976.9500122070312,989.75,970.0499877929688,974.25,49188
2018-09-04,991.0,996.9500122070312,930.6500244140625,939.3499755859375,119828
2018-09-05,944.0,944.0,916.3499755859375,926.9000244140625,103200
2018-09-06,941.9500122070312,941.9500122070312,905.0,915.9000244140625,109710
2018-09-07,919.9500122070312,955.0499877929688,917.0999755859375,948.9500122070312,557954
2018-09-10,952.0,977.5999755859375,926.5,932.3499755859375,78479
2018-09-11,939.7999877929688,939.7999877929688,919.6500244140625,926.0999755859375,79724
2018-09-12,929.7999877929688,931.2000122070312,910.0,919.7999877929688,62536
2018-09-14,932.2000122070312,937.7999877929688,915.0,920.75,42245
2018-09-17,926.8499755859375,926.8499755859375,909.25,912.9000244140625,36235
2018-09-18,910.25,918.8499755859375,877.7999877929688,889.1500244140625,117686
2018-09-19,894.0,899.9000244140625,875.0,886.0999755859375,50504
2018-09-21,886.0,919.9000244140625,830.75,890.0999755859375,135199
2018-09-24,900.0,909.9500122070312,868.5499877929688,892.4000244140625,78842
2018-09-25,898.8499755859375,921.8499755859375,882.6500244140625,900.9000244140625,117440
2018-09-26,903.5,918.4000244140625,890.0,899.3499755859375,45397
2018-09-27,896.0,916.8499755859375,885.25,890.2000122070312,54043
2018-09-28,891.25,907.75,860.4500122070312,888.5999755859375,102457
2018-10-01,887.0,893.4500122070312,831.0999755859375,889.5499877929688,166889
2018-10-03,887.4500122070312,896.6500244140625,859.0499877929688,869.2000122070312,42348
2018-10-04,859.0,878.0,801.5499877929688,813.7999877929688,65464
2018-10-05,814.0,826.7999877929688,780.0,796.2999877929688,116077
2018-10-08,790.0,795.9500122070312,711.5,746.5,187688
2018-10-09,748.1500244140625,759.5999755859375,699.2000122070312,721.7999877929688,290726
2018-10-10,721.7999877929688,799.0,720.0,781.5499877929688,121572
2018-10-11,745.0,773.7000122070312,719.0,754.5499877929688,80473
2018-10-12,758.0,796.7000122070312,758.0,788.8499755859375,77773
2018-10-15,795.0,802.5,770.0499877929688,778.0499877929688,132997
2018-10-16,787.9500122070312,788.0,751.0,757.5999755859375,72443
2018-10-17,769.0,769.0,742.5,748.3499755859375,43068
2018-10-19,745.0,747.0,726.0999755859375,734.9500122070312,75663
2018-10-22,744.0,745.0,720.75,733.8499755859375,35021
2018-10-23,725.0,734.9500122070312,694.4000244140625,728.25,51558
2018-10-24,731.9500122070312,735.0,715.4500122070312,729.75,38931
2018-10-25,734.0,734.0,711.0,717.75,53922
2018-10-26,720.0,720.0,675.0,686.0,85579
2018-10-29,697.9000244140625,697.9000244140625,686.0,689.2999877929688,33990
2018-10-30,690.0,711.0,690.0,704.4000244140625,58312
2018-10-31,710.0,751.0,687.7999877929688,725.2000122070312,106585
2018-11-01,740.0,774.6500244140625,740.0,758.1500244140625,427122
2018-11-02,768.7999877929688,769.7000122070312,744.0499877929688,751.7999877929688,71343
2018-11-05,751.7999877929688,797.0,746.9500122070312,758.25,120562
2018-11-06,763.75,764.3499755859375,741.0999755859375,748.5,45551
2018-11-07,773.0,785.0,752.0,776.5999755859375,40569
2018-11-09,781.5,798.0,768.8499755859375,783.4500122070312,68536
2018-11-12,791.0,799.0,784.5499877929688,791.0499877929688,61066
2018-11-13,790.25,798.5999755859375,766.2000122070312,775.8499755859375,36642
2018-11-14,782.0,784.9000244140625,766.25,768.2999877929688,158869
2018-11-15,777.5,780.0499877929688,762.2000122070312,765.4500122070312,22533
2018-11-16,765.4500122070312,780.0,755.3499755859375,767.1500244140625,30107
2018-11-19,773.7999877929688,778.0,761.0,763.5999755859375,23428
2018-11-20,760.0,769.0,757.25,761.5999755859375,23868
2018-11-21,764.2000122070312,764.75,746.4000244140625,751.25,23571
2018-11-22,751.25,755.4500122070312,740.0,746.0,221284
2018-11-26,741.2999877929688,750.0499877929688,727.7000122070312,739.0999755859375,22458
2018-11-27,744.7000122070312,744.7000122070312,728.0499877929688,732.75,140962
2018-11-28,738.4000244140625,738.4000244140625,721.6500244140625,727.75,65930
2018-11-29,736.25,736.25,716.2999877929688,726.6500244140625,117274
2018-11-30,726.6500244140625,734.0,721.0,725.9500122070312,66564
2018-12-03,729.0,731.0,718.5999755859375,722.2000122070312,77957
2018-12-04,722.0,730.1500244140625,690.0,697.5499877929688,200298
2018-12-05,703.5499877929688,704.5999755859375,665.0999755859375,679.2999877929688,230000
2018-12-06,675.0,676.0499877929688,639.0,647.5999755859375,177455
2018-12-07,655.0,659.2999877929688,609.8499755859375,621.25,209693
2018-12-10,619.5,619.5,579.0999755859375,604.9500122070312,585033
2018-12-11,585.1500244140625,689.9500122070312,580.0,673.5999755859375,570819
2018-12-12,681.2000122070312,698.0,675.0,688.0499877929688,255664
2018-12-13,686.0,698.5999755859375,669.0,685.8499755859375,81030
2018-12-14,681.0,694.7999877929688,675.5,692.0499877929688,77235
2018-12-17,697.2999877929688,697.2999877929688,681.0,688.1500244140625,45515
2018-12-18,690.0,698.9500122070312,678.0,684.0,80249
2018-12-19,685.0,698.0,665.0,671.2999877929688,111285
2018-12-20,685.0,690.1500244140625,671.2999877929688,679.5999755859375,76364
2018-12-21,679.5999755859375,679.5999755859375,643.3499755859375,649.5,49007
2018-12-24,649.5999755859375,656.0499877929688,630.0,631.6500244140625,76708
2018-12-26,637.8499755859375,667.0,630.0,644.4500122070312,166855
2018-12-27,644.4500122070312,648.6500244140625,632.0,637.7999877929688,114321
2018-12-28,637.0,647.9500122070312,630.0999755859375,635.0499877929688,94046
2018-12-31,635.0,665.0,635.0,660.2999877929688,130970
2019-01-01,664.0,704.7000122070312,654.9500122070312,700.4500122070312,261923
2019-01-02,697.0999755859375,719.9000244140625,681.25,710.1500244140625,210318
2019-01-03,719.0,724.0,700.0999755859375,719.75,136826
2019-01-04,718.8499755859375,736.3499755859375,706.3499755859375,726.1500244140625,180036
2019-01-07,730.1500244140625,736.1500244140625,716.0,733.2999877929688,277273
2019-01-08,729.9500122070312,734.3499755859375,722.0,731.5499877929688,142323
2019-01-09,730.0,730.0,711.0,716.9000244140625,59392
2019-01-10,711.0,737.5,701.4500122070312,730.7999877929688,93548
2019-01-11,730.0,735.0,720.0,723.2999877929688,453337
2019-01-14,724.0,755.0,715.0,720.2999877929688,168069
2019-01-15,720.2999877929688,725.9500122070312,690.0499877929688,696.0,112734
2019-01-16,700.0,709.0,680.2000122070312,683.4000244140625,742946
2019-01-17,688.7999877929688,694.5999755859375,680.2999877929688,683.1500244140625,34372
2019-01-18,689.6500244140625,689.6500244140625,674.1500244140625,677.5999755859375,26753
2019-01-21,675.4500122070312,681.5,636.0,651.2999877929688,74861
2019-01-22,720.0,720.0999755859375,645.5499877929688,653.4000244140625,125325
2019-01-23,647.4000244140625,659.0,640.5999755859375,645.1500244140625,218182
2019-01-24,659.9500122070312,659.9500122070312,638.2000122070312,646.1500244140625,79820
2019-01-25,645.0,645.0,635.0,642.2999877929688,92847
2019-01-28,644.0,657.0,632.0,641.9500122070312,63816
2019-01-29,647.0,654.0,637.0,639.75,62719
2019-01-30,644.0,647.0,639.5999755859375,644.3499755859375,66828
2019-01-31,645.0,648.5999755859375,624.0,627.75,445860
2019-02-01,628.1500244140625,637.75,621.4500122070312,631.0,75457
2019-02-04,631.0,633.0,622.0,630.9000244140625,51259
2019-02-05,630.0,634.9500122070312,625.0,630.4000244140625,95130
2019-02-06,636.9500122070312,639.0,630.0,633.8499755859375,26811
2019-02-07,638.9000244140625,647.3499755859375,638.4500122070312,643.8499755859375,51651
2019-02-08,647.5,673.5,641.5999755859375,647.5,67554
2019-02-11,648.0,652.7000122070312,631.0,636.9500122070312,19775
2019-02-12,635.0,672.9500122070312,632.8499755859375,663.7999877929688,50414
2019-02-14,657.4000244140625,662.3499755859375,640.25,649.75,46019
2019-02-15,648.0,658.5999755859375,638.3499755859375,645.2999877929688,36923
2019-02-18,641.0,647.4500122070312,628.6500244140625,631.75,107593
2019-02-19,628.0499877929688,649.7999877929688,628.0499877929688,640.2000122070312,62908
2019-02-20,643.0,669.5999755859375,643.0,662.2000122070312,63896
2019-02-21,662.0,684.8499755859375,659.3499755859375,680.3499755859375,92931
2019-02-22,675.5999755859375,695.0,673.5,683.5999755859375,47291
2019-02-25,685.0,699.0,677.9000244140625,686.7999877929688,53006
2019-02-26,680.0,699.7999877929688,651.0,695.0,52648
2019-02-27,701.0,724.4500122070312,690.0,705.25,64474
2019-02-28,719.0,719.75,706.5999755859375,716.0,207645
2019-03-01,713.0,733.0,713.0,718.5999755859375,59685
2019-03-05,724.7999877929688,755.0,721.5999755859375,737.75,667577
2019-03-06,742.0,777.5,725.5499877929688,759.9000244140625,413878
2019-03-07,763.0,772.0,754.0,763.4500122070312,75696
2019-03-08,768.75,770.0,746.4000244140625,766.5,123849
2019-03-11,765.2000122070312,789.0,760.0,780.6500244140625,338266
2019-03-12,777.6500244140625,798.0,777.6500244140625,790.25,140623
2019-03-13,796.0,796.0,767.7999877929688,782.9500122070312,22839
2019-03-14,780.25,787.0499877929688,764.0,780.5,32490
2019-03-15,785.0,797.75,768.1500244140625,795.25,137858
2019-03-18,795.0,811.9500122070312,788.0499877929688,804.7000122070312,106576
2019-03-19,804.7000122070312,814.4500122070312,796.0,805.7999877929688,57051
2019-03-20,802.6500244140625,808.9000244140625,780.0,783.7999877929688,75205
2019-03-22,783.7999877929688,806.9000244140625,778.0999755859375,797.2999877929688,55582
2019-03-25,794.0,800.0,780.0499877929688,798.4500122070312,34680
2019-03-26,795.5999755859375,798.7999877929688,783.0,785.0499877929688,43470
2019-03-27,824.7999877929688,824.7999877929688,745.0,756.1500244140625,106407
2019-03-28,756.1500244140625,768.7999877929688,744.2000122070312,746.5499877929688,154874
2019-04-01,752.0,758.0499877929688,738.0,745.5999755859375,34554
2019-04-02,745.2000122070312,752.9500122070312,729.0,739.0,56922
2019-04-03,736.0499877929688,744.8499755859375,712.0,717.1500244140625,43712
2019-04-04,715.2000122070312,721.9000244140625,701.0,712.4500122070312,40981
2019-04-05,713.0999755859375,721.0,702.2999877929688,710.25,37474
2019-04-08,713.9500122070312,728.0,705.3499755859375,722.9000244140625,40835
2019-04-09,727.0,734.9500122070312,715.5499877929688,720.8499755859375,37491
2019-04-10,720.8499755859375,721.5499877929688,710.0,713.0,26997
2019-04-11,713.0,719.5,705.5999755859375,707.6500244140625,21510
2019-04-12,706.5,714.3499755859375,702.7999877929688,705.4500122070312,23158
2019-04-15,709.7999877929688,739.4000244140625,706.5,722.0499877929688,101377
2019-04-16,727.7999877929688,729.75,717.3499755859375,721.0999755859375,19129
2019-04-18,726.9500122070312,734.0,710.2000122070312,713.75,73576
2019-04-22,714.9000244140625,715.9500122070312,690.0,694.2000122070312,41491
2019-04-23,698.9000244140625,704.4500122070312,681.0,682.7999877929688,53571
2019-04-24,691.9500122070312,715.4500122070312,682.4000244140625,690.9500122070312,91216
2019-04-25,690.2000122070312,710.0,690.2000122070312,704.0499877929688,176431
2019-04-26,709.7000122070312,717.5499877929688,706.0499877929688,713.25,19226
2019-04-30,713.9000244140625,713.9000244140625,690.0,698.9000244140625,29256
2019-05-02,698.9000244140625,706.0,693.7000122070312,699.3499755859375,77716
2019-05-03,699.0,703.5,673.5,676.75,36008
2019-05-06,670.0,685.0,661.9500122070312,679.75,39777
2019-05-07,685.9500122070312,685.9500122070312,659.0,661.25,140212
2019-05-08,661.0,672.4000244140625,652.5,654.6500244140625,40867
2019-05-09,651.1500244140625,677.0,650.0,660.3499755859375,161813
2019-05-10,655.6500244140625,664.8499755859375,651.6500244140625,656.7999877929688,22134
2019-05-13,661.0,662.1500244140625,647.0,651.8499755859375,13709
2019-05-14,651.4000244140625,664.9500122070312,642.0,658.3499755859375,52922
2019-05-15,655.0999755859375,667.0,645.0,647.7999877929688,29379
2019-05-16,646.1500244140625,664.0,645.7999877929688,654.8499755859375,28196
2019-05-17,662.0,675.0,654.6500244140625,671.25,39758
2019-05-20,685.0,722.0,668.1500244140625,717.7999877929688,76263
2019-05-21,720.0,720.0999755859375,685.0499877929688,690.0,244107
2019-05-22,692.0,692.0,663.4000244140625,670.0999755859375,57612
2019-05-23,688.2000122070312,718.0,652.0499877929688,657.3499755859375,283726
2019-05-24,665.7000122070312,675.9500122070312,653.9000244140625,657.4500122070312,92446
2019-05-27,660.0,676.0,658.7000122070312,667.9000244140625,69460
2019-05-28,671.0,685.2000122070312,668.2999877929688,674.75,256474
2019-05-29,676.75,679.5,660.6500244140625,664.5,94796
2019-05-30,662.2000122070312,665.0,654.4000244140625,663.5499877929688,33100
2019-05-31,665.0,669.9000244140625,648.0,650.1500244140625,98325
2019-06-03,655.9000244140625,666.2000122070312,643.0,652.4500122070312,52408
2019-06-04,649.5999755859375,654.7999877929688,645.75,649.75,390614
2019-06-06,652.0,652.0,619.7000122070312,624.0999755859375,46379
2019-06-07,624.0,624.0499877929688,580.5499877929688,584.5499877929688,281799
2019-06-10,592.4000244140625,594.9500122070312,561.0999755859375,579.2999877929688,365228
2019-06-11,582.4000244140625,612.9000244140625,582.4000244140625,606.7000122070312,137708
2019-06-12,606.5999755859375,618.0,598.0499877929688,615.0999755859375,87807
2019-06-13,612.5,624.9500122070312,612.5,621.9500122070312,63285
2019-06-14,626.0,632.9000244140625,609.7999877929688,613.8499755859375,459399
2019-06-17,613.4500122070312,613.4500122070312,587.25,591.4000244140625,57942
2019-06-18,590.1500244140625,597.4000244140625,575.0,587.25,48952
2019-06-19,590.0,601.0,568.3499755859375,573.9500122070312,33234
2019-06-20,570.2000122070312,612.0,565.6500244140625,599.1500244140625,51863
2019-06-21,596.5999755859375,609.9000244140625,586.5999755859375,604.0,42791
2019-06-24,605.0499877929688,609.9500122070312,588.5499877929688,589.7999877929688,33859
2019-06-25,589.0,593.4000244140625,553.3499755859375,560.4500122070312,116419
2019-06-26,564.0999755859375,586.5499877929688,559.0,564.1500244140625,140626
2019-06-27,565.0499877929688,579.5,565.0499877929688,569.25,59312
2019-06-28,573.8499755859375,594.9500122070312,571.0999755859375,578.5,145802
2019-07-01,583.9500122070312,583.9500122070312,548.0,554.3499755859375,203545
2019-07-02,555.0,558.9500122070312,511.5,517.0,323872
2019-07-03,522.0,535.5,515.5499877929688,518.6500244140625,188185
2019-07-04,522.0,525.4000244140625,416.6499938964844,450.79998779296875,4152391
2019-07-05,455.0,481.6000061035156,437.1000061035156,444.6499938964844,2997675
2019-07-08,447.8999938964844,447.8999938964844,418.0,425.04998779296875,490265
2019-07-09,426.0,448.0,415.0,428.3999938964844,506081
2019-07-10,434.0,437.95001220703125,417.04998779296875,428.70001220703125,230842
2019-07-11,430.5,447.8999938964844,428.25,440.0,694002
2019-07-12,441.0,523.0,441.0,481.0,5251110
2019-07-15,490.1000061035156,512.0,485.6000061035156,503.8500061035156,1896098
2019-07-16,505.0,505.75,480.0,481.54998779296875,479769
2019-07-17,484.5,492.3999938964844,465.04998779296875,472.20001220703125,406862
2019-07-18,469.8500061035156,487.0,465.04998779296875,476.54998779296875,371383
2019-07-19,475.0,482.25,441.0,460.29998779296875,620481
2019-07-22,457.70001220703125,464.0,443.79998779296875,446.75,230405
2019-07-23,449.8999938964844,467.6000061035156,446.0,456.3999938964844,242637
2019-07-24,458.3999938964844,465.95001220703125,447.0,452.70001220703125,192571
2019-07-25,445.0,458.0,441.04998779296875,445.79998779296875,198181
2019-07-26,447.8500061035156,455.0,444.45001220703125,449.20001220703125,104404
2019-07-29,449.0,451.0,427.0,429.95001220703125,105022
2019-07-30,428.04998779296875,435.04998779296875,385.54998779296875,400.54998779296875,368385
2019-07-31,392.5,443.0,392.5,438.75,1024003
2019-08-01,434.0,463.0,431.0,454.6499938964844,711536
2019-08-02,452.0,456.95001220703125,426.20001220703125,430.0,341067
2019-08-05,426.0,432.0,406.1000061035156,418.54998779296875,241808
2019-08-06,415.0,445.0,415.0,440.5,212037
2019-08-07,440.54998779296875,465.1000061035156,440.54998779296875,461.8500061035156,329418
2019-08-08,464.0,478.0,454.54998779296875,461.1499938964844,332816
2019-08-09,464.25,473.75,460.70001220703125,465.1499938964844,196563
2019-08-13,467.0,475.0,455.54998779296875,458.54998779296875,102489
2019-08-14,460.25,465.0,451.0,456.3500061035156,145217
2019-08-16,456.3500061035156,457.8500061035156,445.5,450.5,89252
2019-08-19,457.0,469.0,451.0,460.1499938964844,114431
2019-08-20,461.79998779296875,469.0,453.0,459.20001220703125,63594
2019-08-21,459.20001220703125,462.8999938964844,447.0,448.6499938964844,70494
2019-08-22,448.6000061035156,453.75,440.8999938964844,449.8999938964844,120969
2019-08-23,450.79998779296875,454.5,431.3500061035156,450.75,112958
2019-08-26,456.0,458.95001220703125,441.6499938964844,445.8999938964844,73127
2019-08-27,448.8999938964844,474.0,448.54998779296875,468.45001220703125,108127
2019-08-28,471.5,474.0,460.0,464.0,69947
2019-08-29,464.8999938964844,467.3999938964844,459.3500061035156,462.70001220703125,46196
2019-08-30,464.8999938964844,477.0,462.0,475.04998779296875,75800
2019-09-03,475.0,485.0,463.54998779296875,469.54998779296875,69442
2019-09-04,464.5,478.8999938964844,464.5,469.54998779296875,251434
2019-09-05,471.29998779296875,471.29998779296875,456.3500061035156,458.54998779296875,59152
2019-09-06,455.0,457.8999938964844,448.3999938964844,452.0,137412
2019-09-09,454.0,480.70001220703125,450.04998779296875,455.04998779296875,427659
2019-09-11,459.8999938964844,465.5,457.04998779296875,460.25,168928
2019-09-12,462.8999938964844,470.0,458.04998779296875,463.20001220703125,210313
2019-09-13,463.3500061035156,463.3999938964844,453.0,459.6000061035156,106190
2019-09-16,459.8999938964844,465.0,455.79998779296875,463.20001220703125,121194
2019-09-17,464.54998779296875,469.0,458.1000061035156,463.29998779296875,162275
2019-09-18,463.3999938964844,467.3999938964844,455.04998779296875,458.29998779296875,95377
2019-09-19,459.6000061035156,460.0,443.95001220703125,447.04998779296875,73086
2019-09-20,451.6000061035156,488.0,447.1000061035156,484.0,397254
2019-09-23,475.0,484.1000061035156,461.5,466.6499938964844,208605
2019-09-24,464.0,464.79998779296875,447.0,448.6499938964844,153305
2019-09-25,448.8999938964844,468.0,448.3500061035156,453.29998779296875,200364
2019-09-26,454.95001220703125,459.95001220703125,450.0,455.75,65809
2019-09-27,460.0,469.8500061035156,448.0,464.1499938964844,308447
2019-09-30,477.0,479.0,454.54998779296875,469.54998779296875,318855
2019-10-01,468.0,475.0,450.54998779296875,455.04998779296875,633906
2019-10-03,454.8999938964844,469.6000061035156,446.0,465.0,124063
2019-10-04,466.70001220703125,475.3999938964844,453.3500061035156,469.6499938964844,225262
2019-10-07,468.95001220703125,469.0,458.0,466.45001220703125,60593
2019-10-09,468.54998779296875,473.54998779296875,459.45001220703125,470.04998779296875,293511
2019-10-10,467.20001220703125,475.0,464.3500061035156,472.75,30780
2019-10-11,479.95001220703125,479.95001220703125,467.25,468.8999938964844,154050
2019-10-14,474.95001220703125,475.0,467.54998779296875,470.20001220703125,282667
2019-10-15,467.29998779296875,472.6499938964844,465.3999938964844,470.04998779296875,134049
2019-10-16,470.04998779296875,474.54998779296875,463.75,465.54998779296875,32067
2019-10-17,469.1499938964844,471.20001220703125,458.3500061035156,462.3999938964844,47276
2019-10-18,462.95001220703125,475.0,461.54998779296875,471.3999938964844,56204
2019-10-22,474.8500061035156,475.0,468.29998779296875,472.75,40038
2019-10-23,470.70001220703125,475.0,464.0,466.20001220703125,42090
2019-10-24,469.0,474.0,461.0,462.8999938964844,64823
2019-10-25,463.0,475.0,462.95001220703125,471.20001220703125,50015
2019-10-29,472.95001220703125,486.0,461.0,468.6499938964844,130151
2019-10-30,471.3999938964844,475.5,469.04998779296875,474.04998779296875,170560
2019-10-31,478.1000061035156,554.0,476.0,518.7999877929688,2653346
2019-11-01,515.0,518.0,493.5,498.70001220703125,221104
2019-11-04,498.5,514.0,490.54998779296875,495.25,206828
2019-11-05,496.0,521.75,496.0,510.54998779296875,404850
2019-11-06,510.0,515.0,505.29998779296875,510.1499938964844,144413
2019-11-07,510.1499938964844,536.3499755859375,510.1499938964844,516.75,241280
2019-11-08,514.7999877929688,533.0,510.5,526.9500122070312,156171
2019-11-11,533.0,543.9000244140625,525.0,529.9000244140625,176610
2019-11-13,529.0,550.9500122070312,517.5499877929688,544.8499755859375,288449
2019-11-14,547.5,590.0,528.3499755859375,567.5499877929688,350188
2019-11-15,577.0499877929688,593.0,545.0,550.75,308471
2019-11-18,555.0,565.0,533.0,555.25,139140
2019-11-19,551.4000244140625,560.0,540.2999877929688,543.5,79383
2019-11-20,545.4000244140625,551.5499877929688,525.2000122070312,528.0999755859375,131435
2019-11-21,530.7999877929688,533.0,515.5499877929688,520.5,69811
2019-11-22,517.0,538.0,517.0,529.7999877929688,111417
2019-11-25,530.4500122070312,538.4000244140625,526.4000244140625,531.7999877929688,72361
2019-11-26,532.9000244140625,541.5,525.0499877929688,535.1500244140625,128582
2019-11-27,535.0,537.2999877929688,524.7999877929688,527.2000122070312,62890
2019-11-28,524.3499755859375,530.0999755859375,522.0,525.5499877929688,50240
2019-11-29,522.6500244140625,529.5999755859375,516.3499755859375,520.0,139783
2019-12-02,523.2000122070312,524.0,516.5,519.9000244140625,103854
2019-12-03,520.0,526.4500122070312,518.0,520.3499755859375,47011
2019-12-04,518.0,518.5999755859375,502.0,504.04998779296875,63102
2019-12-05,505.0,505.0,470.0,487.29998779296875,239367
2019-12-06,489.0,491.8999938964844,474.0,477.20001220703125,91783
2019-12-09,478.95001220703125,489.70001220703125,447.20001220703125,450.5,207260
2019-12-10,451.79998779296875,464.0,448.0,456.45001220703125,189504
2019-12-11,454.0,467.70001220703125,454.0,459.6499938964844,86755
2019-12-12,463.79998779296875,481.1499938964844,461.29998779296875,478.45001220703125,85363
2019-12-13,475.20001220703125,483.5,474.0,477.1499938964844,79639
2019-12-16,479.8999938964844,484.0,476.0,479.95001220703125,88048
2019-12-17,482.54998779296875,500.0,480.75,493.04998779296875,148416
2019-12-18,497.54998779296875,519.7000122070312,494.25,506.79998779296875,389939
2019-12-19,508.70001220703125,516.8499755859375,501.54998779296875,508.25,113813
2019-12-20,508.3999938964844,517.7000122070312,506.1000061035156,511.3999938964844,89052
2019-12-23,509.0,521.0,509.0,515.9500122070312,76346
2019-12-24,516.0,521.0,498.0,500.25,81037
2019-12-26,496.6000061035156,507.0,479.0,480.5,256549
2019-12-27,481.95001220703125,484.79998779296875,468.45001220703125,469.70001220703125,341622
2019-12-30,470.0,484.0,462.04998779296875,481.25,252807
2019-12-31,480.8999938964844,496.0,474.1000061035156,484.6499938964844,316176
2020-01-01,484.8500061035156,490.95001220703125,479.54998779296875,482.8500061035156,53889
2020-01-02,484.6499938964844,510.0,480.1499938964844,503.20001220703125,311806
2020-01-03,510.0,532.7999877929688,508.0,525.2000122070312,637268
2020-01-06,520.5,520.8499755859375,504.29998779296875,515.5999755859375,234596
2020-01-07,516.5,526.4000244140625,506.0,511.6499938964844,161004
2020-01-08,507.5,533.0,504.6000061035156,527.0499877929688,256361
2020-01-09,533.0,545.0,528.1500244140625,537.0,213679
2020-01-10,537.5,560.0,537.5,545.9000244140625,991394
2020-01-13,547.9500122070312,574.9500122070312,545.0,567.5499877929688,222767
2020-01-14,569.3499755859375,575.0,556.5499877929688,562.4500122070312,173646
2020-01-15,563.0,563.75,549.75,557.2000122070312,87812
2020-01-16,557.0,579.0,553.0,566.0999755859375,134302
2020-01-17,568.0,579.5,559.0,564.9500122070312,131011
2020-01-20,570.0,573.5499877929688,555.0,566.4000244140625,89993
2020-01-21,564.0,580.0,557.3499755859375,574.4500122070312,969460
2020-01-22,576.9000244140625,579.0,566.5999755859375,572.7000122070312,88826
2020-01-23,568.5,584.0,568.0,581.9000244140625,201423
2020-01-24,584.9000244140625,626.5,581.2000122070312,619.9500122070312,501439
2020-01-27,619.9500122070312,623.0,601.5999755859375,606.4000244140625,154930
2020-01-28,603.9000244140625,615.0,588.0,596.7999877929688,159690
2020-01-29,600.7999877929688,632.0,595.0,620.0499877929688,354630
2020-01-30,632.9000244140625,638.2000122070312,596.25,620.3499755859375,443186
2020-01-31,620.0,633.9500122070312,611.0,625.5,540845
2020-02-03,613.0,630.0,596.7000122070312,624.9000244140625,445557
2020-02-04,626.9000244140625,637.1500244140625,610.25,624.0,99997
2020-02-05,625.9500122070312,634.5,607.0499877929688,611.25,108321
2020-02-06,608.5999755859375,623.5,605.0,616.7999877929688,115075
2020-02-07,618.9500122070312,621.0999755859375,607.5,612.0499877929688,41298
2020-02-10,617.7999877929688,617.7999877929688,598.0,600.7000122070312,48215
2020-02-11,599.2000122070312,606.5499877929688,565.25,578.0,169228
2020-02-12,584.0,590.0,571.2999877929688,580.0999755859375,92569
2020-02-13,584.7000122070312,599.0,577.0999755859375,590.0999755859375,99263
2020-02-14,591.0,604.9000244140625,583.2999877929688,590.75,133564
2020-02-17,590.75,592.4500122070312,577.0499877929688,589.0499877929688,93572
2020-02-18,587.5499877929688,588.4000244140625,572.0,579.8499755859375,68025
2020-02-19,584.25,586.6500244140625,544.2999877929688,553.9500122070312,171789
2020-02-20,547.8499755859375,552.8499755859375,541.7999877929688,544.1500244140625,86562
2020-02-24,538.7999877929688,548.8499755859375,531.1500244140625,536.0499877929688,103057
2020-02-25,537.0,549.6500244140625,532.4500122070312,535.0499877929688,79122
2020-02-26,530.9500122070312,544.0,521.0999755859375,536.0499877929688,85090
2020-02-27,537.7999877929688,544.7000122070312,526.0,538.8499755859375,66468
2020-02-28,520.0,533.7999877929688,505.0,514.2000122070312,347832
2020-03-02,514.2000122070312,519.7000122070312,498.0,502.95001220703125,154291
2020-03-03,503.29998779296875,517.4500122070312,503.29998779296875,514.2000122070312,82217
2020-03-04,516.0,523.5499877929688,490.1000061035156,503.75,98118
2020-03-05,506.0,511.8999938964844,497.0,500.3999938964844,185303
2020-03-06,488.79998779296875,515.4500122070312,480.8500061035156,501.25,142739
2020-03-09,494.95001220703125,505.70001220703125,460.95001220703125,496.95001220703125,251606
2020-03-11,496.95001220703125,498.70001220703125,466.3500061035156,474.70001220703125,214694
2020-03-12,460.0,465.0,435.04998779296875,442.79998779296875,157441
2020-03-13,424.0,460.0,358.0,445.54998779296875,179178
2020-03-16,433.54998779296875,433.54998779296875,408.54998779296875,415.25,126503
2020-03-17,411.04998779296875,422.45001220703125,371.3500061035156,380.95001220703125,339320
2020-03-18,389.75,389.75,304.79998779296875,304.79998779296875,360226
2020-03-19,274.3500061035156,280.0,274.3500061035156,274.3500061035156,740810
2020-03-20,274.0,274.0,246.9499969482422,246.9499969482422,1112598
2020-03-23,226.0,230.3000030517578,222.3000030517578,222.3000030517578,203503
2020-03-24,222.0,222.0,211.1999969482422,211.1999969482422,188475
2020-03-25,200.64999389648438,221.75,200.64999389648438,221.39999389648438,132977
2020-03-26,231.0,232.4499969482422,224.0,226.89999389648438,272271
2020-03-27,218.0,238.1999969482422,215.60000610351562,215.75,271968
2020-03-30,214.0,221.0,205.0,207.25,187751
2020-03-31,217.0,217.39999389648438,205.0,213.14999389648438,659977
2020-04-01,211.0,223.8000030517578,211.0,212.5500030517578,210842
2020-04-03,220.0,221.0,210.64999389648438,219.14999389648438,247847
2020-04-07,228.0,228.0,212.0,214.60000610351562,490915
2020-04-08,219.89999389648438,219.89999389648438,204.0500030517578,208.5,411625
2020-04-09,212.0,214.85000610351562,204.0,208.89999389648438,206252
2020-04-13,214.0,217.75,208.0,213.89999389648438,401332
2020-04-15,218.8000030517578,218.89999389648438,204.10000610351562,204.9499969482422,955826
2020-04-16,207.5,215.14999389648438,200.5,203.60000610351562,1475028
2020-04-17,209.89999389648438,213.75,204.3000030517578,210.75,1095553
2020-04-20,221.0,221.25,217.0,221.25,1158542
2020-04-21,226.0,226.0,210.1999969482422,210.1999969482422,446770
2020-04-22,201.0,210.0,200.10000610351562,207.64999389648438,954948
2020-04-23,207.89999389648438,215.0,207.89999389648438,209.0,544516
2020-04-24,208.39999389648438,209.39999389648438,202.0,204.3000030517578,296962
2020-04-27,207.0,208.0,201.0,202.64999389648438,295447
2020-04-28,204.0500030517578,206.0,201.10000610351562,201.4499969482422,132922
2020-04-29,201.39999389648438,206.8000030517578,201.39999389648438,202.5500030517578,305196
2020-04-30,210.0,211.8000030517578,194.0,207.14999389648438,1104023
2020-05-04,211.6999969482422,211.6999969482422,203.0,203.6999969482422,444750
2020-05-05,207.8000030517578,207.89999389648438,198.0,198.6999969482422,245440
2020-05-06,200.0,200.0,191.60000610351562,192.75,324056
2020-05-07,192.60000610351562,193.9499969482422,183.14999389648438,185.0500030517578,396069
2020-05-08,189.3000030517578,190.0,181.10000610351562,182.5,301912
2020-05-11,185.5,186.4499969482422,176.0,176.6999969482422,260727
2020-05-12,175.89999389648438,176.0,167.89999389648438,170.85000610351562,296793
2020-05-13,178.0,179.35000610351562,173.85000610351562,179.3000030517578,259269
2020-05-14,182.5,185.0,170.35000610351562,174.10000610351562,313496
2020-05-15,174.0,174.0,166.0500030517578,172.9499969482422,273530
2020-05-18,174.0,176.0,167.0,169.25,151966
2020-05-19,172.89999389648438,172.89999389648438,165.64999389648438,166.1999969482422,198155
2020-05-20,169.0,174.5,165.0,174.5,240301
2020-05-21,183.1999969482422,183.1999969482422,183.1999969482422,183.1999969482422,63003
2020-05-22,192.35000610351562,192.35000610351562,174.0500030517578,192.14999389648438,836835
2020-05-26,201.6999969482422,201.75,193.0,201.75,459095
2020-05-27,204.0,209.6999969482422,195.0,201.75,459027
2020-05-28,195.0,211.8000030517578,192.0,210.10000610351562,663888
2020-05-29,215.0,220.60000610351562,211.0,220.60000610351562,291145
2020-06-01,231.60000610351562,231.60000610351562,227.25,231.60000610351562,108062
2020-06-02,243.14999389648438,243.14999389648438,243.14999389648438,243.14999389648438,25703
2020-06-03,255.3000030517578,255.3000030517578,255.3000030517578,255.3000030517578,62120
2020-06-04,268.04998779296875,268.04998779296875,268.04998779296875,268.04998779296875,59232
2020-06-05,281.3999938964844,281.45001220703125,255.60000610351562,281.45001220703125,1313790
2020-06-08,294.0,295.5,272.5,280.04998779296875,976394
2020-06-09,283.45001220703125,283.45001220703125,266.04998779296875,267.25,628609
2020-06-10,269.45001220703125,279.3999938964844,256.0,267.70001220703125,467460
2020-06-11,269.70001220703125,275.95001220703125,261.25,266.29998779296875,358506
2020-06-12,253.5,275.0,253.0,270.79998779296875,304950
2020-06-15,267.0,271.0,260.0,261.1000061035156,219196
2020-06-16,267.0,274.1499938964844,260.79998779296875,274.1499938964844,423018
2020-06-17,279.95001220703125,287.8500061035156,268.0,287.8500061035156,338624
2020-06-18,292.3999938964844,302.20001220703125,290.0,302.20001220703125,223169
2020-06-19,317.29998779296875,317.29998779296875,317.29998779296875,317.29998779296875,71510
2020-06-22,325.8999938964844,333.1499938964844,320.0,333.1499938964844,652522
2020-06-23,349.79998779296875,349.79998779296875,339.0,349.79998779296875,200323
2020-06-24,367.25,367.25,340.0,347.6000061035156,1088429
2020-06-25,340.0,363.0,335.6000061035156,359.45001220703125,331275
2020-06-26,365.0,377.3999938964844,360.0,377.3999938964844,621395
2020-06-29,396.25,396.25,377.79998779296875,385.0,1082163
2020-06-30,388.3999938964844,390.0,365.75,365.75,423763
2020-07-01,347.5,363.0,347.5,349.8999938964844,356963
2020-07-02,335.0,367.3500061035156,335.0,361.75,493446
2020-07-03,359.0,359.75,344.0,346.5,268144
2020-07-06,346.5,355.0,340.0,342.29998779296875,194683
2020-07-07,345.5,351.0,342.0,350.3500061035156,228820
2020-07-08,353.6000061035156,355.0,338.0,338.95001220703125,171863
2020-07-09,338.20001220703125,348.5,330.0,342.6499938964844,360877
2020-07-10,341.1000061035156,347.0,336.54998779296875,340.8999938964844,212176
2020-07-13,340.0,346.0,331.0,333.04998779296875,212012
2020-07-14,330.20001220703125,331.5,316.3999938964844,318.3999938964844,242022
2020-07-15,316.3999938964844,334.29998779296875,306.54998779296875,328.6499938964844,326767
2020-07-16,342.0,342.0,322.0,330.79998779296875,129792
2020-07-17,330.25,334.79998779296875,326.8999938964844,328.95001220703125,64609
2020-07-20,328.95001220703125,345.3500061035156,326.95001220703125,345.3500061035156,210151
2020-07-21,354.70001220703125,354.70001220703125,336.8500061035156,343.20001220703125,266183
2020-07-22,347.0,347.0,328.0,332.3999938964844,168441
2020-07-23,333.0,341.0,333.0,336.45001220703125,70594
2020-07-24,336.8500061035156,344.70001220703125,328.0,340.6000061035156,129768
2020-07-27,345.0,346.6000061035156,332.0,340.20001220703125,133184
2020-07-28,347.0,355.0,339.0,347.45001220703125,187726
2020-07-29,344.0,346.6499938964844,336.70001220703125,344.1499938964844,179236
2020-07-30,347.8999938964844,354.75,345.0,349.54998779296875,276047
2020-07-31,350.5,367.0,350.5,367.0,372748
2020-08-03,374.3999938964844,384.45001220703125,359.6499938964844,362.3999938964844,1013682
2020-08-04,364.95001220703125,372.0,350.0,353.04998779296875,216398
2020-08-05,360.0,364.6499938964844,348.04998779296875,351.6000061035156,188996
2020-08-06,350.5,369.1499938964844,350.5,364.8500061035156,405431
2020-08-07,367.04998779296875,378.70001220703125,358.1000061035156,369.6000061035156,208708
2020-08-10,369.6000061035156,376.8999938964844,361.6499938964844,366.3999938964844,143750
2020-08-11,373.5,375.0,365.25,369.20001220703125,122923
2020-08-12,369.0,371.8999938964844,363.0,368.3500061035156,166108
2020-08-13,370.0,373.54998779296875,364.8500061035156,367.8999938964844,80981
2020-08-14,370.8999938964844,374.5,365.0,367.6499938964844,124286
2020-08-17,372.0,399.70001220703125,367.0,375.8500061035156,641700
2020-08-18,380.0,383.8999938964844,373.0,375.20001220703125,179924
2020-08-19,378.25,381.54998779296875,372.6499938964844,374.8999938964844,89902
2020-08-20,374.8999938964844,378.8999938964844,365.0,367.0,106056
2020-08-21,371.0,377.54998779296875,368.54998779296875,371.29998779296875,241059
2020-08-24,380.0,380.0,368.04998779296875,369.8999938964844,257856
2020-08-25,374.0,375.70001220703125,368.8500061035156,370.70001220703125,194386
2020-08-26,378.8999938964844,386.8500061035156,372.5,377.8999938964844,285571
2020-08-27,379.8999938964844,394.29998779296875,379.20001220703125,387.8999938964844,379897
2020-08-28,391.3500061035156,392.75,381.20001220703125,387.8999938964844,241553
2020-08-31,382.0,391.20001220703125,350.0,364.54998779296875,314967
2020-09-01,369.5,372.0,361.29998779296875,368.45001220703125,101573
2020-09-02,368.95001220703125,382.79998779296875,364.25,379.0,144965
2020-09-03,376.1000061035156,385.6499938964844,374.79998779296875,383.70001220703125,85513
2020-09-04,372.04998779296875,386.70001220703125,372.0,382.1000061035156,105718
2020-09-07,385.0,386.0,374.8500061035156,380.3999938964844,137101
2020-09-08,383.79998779296875,383.79998779296875,374.8500061035156,378.04998779296875,82016
2020-09-09,377.5,386.0,364.0,382.95001220703125,143853
2020-09-10,384.3999938964844,385.0,375.0,381.0,55211
2020-09-11,377.1000061035156,380.29998779296875,372.04998779296875,373.54998779296875,105893
2020-09-14,382.0,410.8999938964844,377.6000061035156,410.8999938964844,875417
2020-09-15,430.0,447.0,418.8999938964844,438.29998779296875,1214462
2020-09-16,439.0,450.0,428.0,443.0,311672
2020-09-17,440.0,446.3999938964844,430.0,433.1499938964844,142437
2020-09-18,417.0,459.6499938964844,417.0,426.54998779296875,319508
2020-09-21,429.79998779296875,438.0,400.0,408.3500061035156,287240
2020-09-22,414.0,417.0,367.54998779296875,388.54998779296875,399505
2020-09-23,396.20001220703125,405.3999938964844,383.54998779296875,396.20001220703125,268192
2020-09-24,390.0,390.0,366.0,371.79998779296875,296193
2020-09-25,373.1499938964844,384.8999938964844,372.8500061035156,379.95001220703125,108085
2020-09-28,387.70001220703125,397.0,382.20001220703125,387.29998779296875,98325
2020-09-29,385.0,409.8500061035156,385.0,403.3999938964844,335696
2020-09-30,412.0,416.79998779296875,404.1499938964844,412.6000061035156,144760
2020-10-01,419.0,419.04998779296875,405.0,410.3500061035156,105729
2020-10-05,413.8500061035156,414.70001220703125,395.3500061035156,401.95001220703125,58545
2020-10-06,410.0,420.0,405.5,415.04998779296875,195517
2020-10-07,414.0,418.3999938964844,407.45001220703125,414.3500061035156,112813
2020-10-08,422.0,424.0,413.0,414.3999938964844,119119
2020-10-09,414.25,422.0,405.0,408.5,52978
2020-10-12,411.8999938964844,415.0,398.45001220703125,409.1499938964844,76013
2020-10-13,408.95001220703125,414.0,403.95001220703125,408.8500061035156,351880
2020-10-14,406.70001220703125,412.0,405.0,409.75,130434
2020-10-15,405.6499938964844,416.3999938964844,405.6499938964844,409.8999938964844,94874
2020-10-16,410.70001220703125,434.6499938964844,409.1000061035156,419.3999938964844,266777
2020-10-19,424.3999938964844,424.3999938964844,402.20001220703125,413.25,80560
2020-10-20,408.3500061035156,419.79998779296875,405.54998779296875,410.75,56864
2020-10-21,414.70001220703125,421.6000061035156,412.0,415.04998779296875,94043
2020-10-22,418.95001220703125,421.6000061035156,413.25,414.3500061035156,51756
2020-10-23,416.0,428.0,415.1499938964844,424.1499938964844,167895
2020-10-26,420.0,421.6000061035156,406.8999938964844,410.20001220703125,70754
2020-10-27,409.79998779296875,420.0,406.0,411.8999938964844,122940
2020-10-28,414.0,418.6499938964844,406.1000061035156,407.6499938964844,44429
2020-10-29,403.29998779296875,407.95001220703125,364.0,403.8500061035156,228234
2020-10-30,403.5,411.75,394.54998779296875,409.29998779296875,62888
2020-11-02,400.04998779296875,413.5,400.04998779296875,404.5,106341
2020-11-03,410.0,414.6499938964844,401.0,403.04998779296875,96105
2020-11-04,408.0,411.75,404.0,406.75,88835
2020-11-05,408.0,415.3999938964844,408.0,413.75,128021
2020-11-06,414.8999938964844,417.1000061035156,407.8999938964844,408.79998779296875,95863
2020-11-09,412.0,412.3999938964844,405.0,407.8500061035156,109128
2020-11-10,410.0,411.20001220703125,401.1000061035156,405.0,47152
2020-11-11,405.04998779296875,408.29998779296875,395.6499938964844,400.1000061035156,55274
2020-11-12,404.3500061035156,419.0,401.95001220703125,408.95001220703125,201246
2020-11-13,412.0,412.0,400.0,404.79998779296875,55315
2020-11-17,411.0,411.0,404.04998779296875,407.04998779296875,44308
2020-11-18,409.5,411.70001220703125,402.0,407.0,71422
2020-11-19,410.0,414.6499938964844,403.95001220703125,407.1499938964844,59384
2020-11-20,410.0,473.5,407.75,464.70001220703125,1716137
2020-11-23,477.79998779296875,482.0,465.20001220703125,473.70001220703125,384292
2020-11-24,472.8999938964844,474.0,452.8999938964844,460.3999938964844,206782
2020-11-25,462.04998779296875,487.1000061035156,462.04998779296875,470.79998779296875,505544
2020-11-26,471.04998779296875,481.0,464.8999938964844,475.8500061035156,106687
2020-11-27,476.04998779296875,504.0,471.6499938964844,500.79998779296875,478222
2020-12-01,500.0,525.5499877929688,492.6000061035156,518.7999877929688,175735
2020-12-02,518.0,529.0,506.0,511.8500061035156,222813
2020-12-03,513.9500122070312,520.0,502.6000061035156,506.8999938964844,118087
2020-12-04,514.0,518.0,493.20001220703125,497.8500061035156,176967
2020-12-07,502.8500061035156,509.0,493.8999938964844,500.8999938964844,98508
2020-12-08,505.70001220703125,506.70001220703125,486.95001220703125,495.1000061035156,90676
2020-12-09,499.0,503.25,487.0,494.1000061035156,110721
2020-12-10,495.0,495.04998779296875,475.25,481.1499938964844,83255
2020-12-11,482.0,497.0,482.0,494.95001220703125,254029
2020-12-14,495.0,504.0,487.0,489.8999938964844,148223
2020-12-15,486.20001220703125,490.25,478.20001220703125,482.5,103460
2020-12-16,486.0,498.5,480.0,486.8999938964844,107724
2020-12-17,490.70001220703125,495.0,482.0,486.8999938964844,82278
2020-12-18,486.79998779296875,486.79998779296875,476.0,477.3500061035156,92129
2020-12-21,478.0,479.6000061035156,441.29998779296875,457.54998779296875,234303
2020-12-22,445.1499938964844,461.70001220703125,413.6499938964844,448.70001220703125,219520
2020-12-23,459.8999938964844,471.3999938964844,451.1000061035156,468.3500061035156,88553
2020-12-24,475.0,475.0,450.04998779296875,466.95001220703125,534926
2020-12-28,472.0,511.3999938964844,466.25,497.1499938964844,757749
2020-12-29,505.8999938964844,553.0,493.0,535.7000122070312,1167148
2020-12-30,534.6500244140625,548.0,521.0,542.5,621318
2020-12-31,542.4500122070312,550.0,535.0,546.7999877929688,610517
2021-01-01,545.7000122070312,547.9000244140625,535.0,537.7999877929688,146450
2021-01-04,538.0,545.0,525.25,532.1500244140625,191441
2021-01-05,530.5,540.0,500.20001220703125,523.75,343832
2021-01-06,528.9000244140625,542.9000244140625,520.5,525.5999755859375,174459
2021-01-07,529.0,630.7000122070312,516.25,532.5,168314
2021-01-08,533.0,539.4500122070312,523.5,526.5499877929688,118929
2021-01-11,525.0999755859375,529.75,521.0,525.4500122070312,124294
2021-01-12,525.4500122070312,544.75,523.0499877929688,536.0999755859375,523104
2021-01-13,539.8499755859375,572.0,536.0,566.9500122070312,834202
2021-01-14,570.0,663.7000122070312,561.0,623.5499877929688,1537257
2021-01-15,620.0,648.75,602.0499877929688,606.0999755859375,741425
2021-01-18,606.0,619.9500122070312,575.25,589.5999755859375,324026
2021-01-19,591.4000244140625,608.25,571.2000122070312,573.7999877929688,160692
2021-01-20,574.0499877929688,579.2999877929688,557.0,563.4500122070312,326481
2021-01-21,565.0,581.5499877929688,555.25,564.2999877929688,304334
2021-01-22,565.7000122070312,565.7000122070312,535.2000122070312,553.4000244140625,210955
2021-01-25,560.0,562.7000122070312,534.4000244140625,537.5999755859375,91083
2021-01-27,538.8499755859375,583.0,521.0,547.6500244140625,523059
2021-01-28,529.0,566.7999877929688,526.1500244140625,553.8499755859375,431416
2021-01-29,554.8499755859375,607.4500122070312,554.0,580.0999755859375,1106568
2021-02-01,583.75,611.6500244140625,561.75,603.5999755859375,240385
2021-02-02,603.5999755859375,619.8499755859375,586.0499877929688,604.4500122070312,282191
2021-02-03,604.4000244140625,605.0,591.0,601.7000122070312,188203
2021-02-04,615.0,649.9000244140625,606.9000244140625,635.0999755859375,599430
2021-02-05,639.7999877929688,725.0,636.5,689.1500244140625,1761110
2021-02-08,687.3499755859375,761.7000122070312,672.0999755859375,706.4000244140625,1086629
2021-02-09,704.9000244140625,726.0,691.0999755859375,699.0999755859375,782433
2021-02-10,701.0,718.0,697.0,706.9500122070312,314493
2021-02-11,705.0,729.0,694.7000122070312,707.2999877929688,253651
2021-02-12,704.8499755859375,709.75,670.0,678.1500244140625,577023
2021-02-15,679.9000244140625,696.7000122070312,675.9000244140625,685.6500244140625,159485
2021-02-16,693.0,725.0,690.0,720.25,431991
2021-02-17,723.9000244140625,728.7000122070312,702.25,716.4500122070312,222040
2021-02-18,718.0,721.0999755859375,686.8499755859375,704.5,256045
2021-02-19,701.0999755859375,722.4500122070312,689.0,700.5499877929688,198960
2021-02-22,701.9000244140625,738.0,681.4500122070312,719.75,353318
2021-02-23,722.7999877929688,751.0,709.1500244140625,722.7999877929688,433455
2021-02-24,717.5,743.8499755859375,714.0,738.4000244140625,112707
2021-02-25,744.7000122070312,807.2999877929688,732.1500244140625,782.0999755859375,597924
2021-02-26,753.9500122070312,786.4500122070312,742.5999755859375,750.7999877929688,399472
2021-03-01,759.7000122070312,773.7999877929688,742.25,751.0999755859375,250023
2021-03-02,753.7999877929688,769.0999755859375,730.5999755859375,738.5499877929688,192602
2021-03-03,741.0,755.5499877929688,715.4000244140625,735.7000122070312,299287
2021-03-04,730.8499755859375,743.4000244140625,716.5999755859375,724.5,176401
2021-03-05,724.5,738.0,706.0,709.9000244140625,182346
2021-03-08,711.0,739.5999755859375,710.25,727.25,291685
2021-03-09,729.9500122070312,736.75,706.0,717.9500122070312,149628
2021-03-10,721.25,746.0999755859375,720.0,727.7000122070312,185976
2021-03-12,730.25,739.9000244140625,708.0999755859375,714.1500244140625,163987
2021-03-15,718.0,718.0,693.4000244140625,701.5499877929688,113407
2021-03-16,709.0,719.0,690.75,694.6500244140625,155076
2021-03-17,700.0,705.2999877929688,673.0,681.6500244140625,129102
2021-03-18,676.0,695.9500122070312,670.0,682.5499877929688,81948
2021-03-19,677.7999877929688,730.0,663.0999755859375,719.7999877929688,187871
2021-03-22,727.0,728.9000244140625,690.0,696.2999877929688,138599
2021-03-23,697.8499755859375,705.0,679.3499755859375,682.9000244140625,148109
2021-03-24,679.9500122070312,719.0,675.0,694.8499755859375,297588
2021-03-25,694.9000244140625,705.0,681.2000122070312,686.1500244140625,150673
2021-03-26,687.8499755859375,719.9000244140625,676.1500244140625,687.75,260244
2021-03-30,689.0499877929688,700.0,679.0,694.5999755859375,255891
2021-03-31,697.9000244140625,704.9500122070312,686.0,698.7999877929688,161978
2021-04-01,692.2999877929688,703.8499755859375,680.0,689.75,143173
2021-04-05,686.7000122070312,686.7000122070312,651.0,653.7999877929688,152030
2021-04-06,650.0,659.25,637.0,640.0999755859375,119992
2021-04-07,637.0,671.0,630.5,657.4000244140625,270058
2021-04-08,657.4000244140625,673.7999877929688,653.75,659.75,147147
2021-04-09,652.0,660.7999877929688,645.5999755859375,648.75,60275
2021-04-12,648.0,648.0,601.0,606.1500244140625,89036
2021-04-13,608.0,618.7999877929688,582.7999877929688,592.8499755859375,82987
2021-04-15,594.0,600.7999877929688,575.5499877929688,588.1500244140625,201331
2021-04-16,600.0,611.2999877929688,576.0,579.8499755859375,195125
2021-04-19,575.0,575.0,547.2999877929688,553.7000122070312,189619
2021-04-20,553.0,565.0,537.5499877929688,541.7000122070312,129967
2021-04-22,541.5,553.7999877929688,535.0499877929688,543.5,143757
2021-04-23,543.5,595.2000122070312,543.5,564.7000122070312,574690
2021-04-26,562.0,609.1500244140625,562.0,598.2999877929688,445548
2021-04-27,598.0,611.8499755859375,591.9000244140625,609.9000244140625,224984
2021-04-28,610.0999755859375,627.4000244140625,605.0,621.0999755859375,201546
2021-04-29,621.0,638.7000122070312,605.5499877929688,620.3499755859375,146077
2021-04-30,616.9500122070312,633.8499755859375,613.25,628.2999877929688,72229
2021-05-03,627.0,628.0499877929688,612.2000122070312,619.0999755859375,106560
2021-05-04,616.0,629.4000244140625,616.0,620.0499877929688,252432
2021-05-05,630.0,630.0,613.7999877929688,621.5999755859375,35975
2021-05-06,633.0,644.0,630.0,633.7000122070312,744319
2021-05-07,639.6500244140625,648.0,631.5499877929688,638.0499877929688,108498
