Datetime,open,high,low,close,volume
2021-06-14 09:15:00+05:30,2299.449951171875,2299.449951171875,2282.25,2283.75,0
2021-06-14 09:16:00+05:30,2283.60009765625,2287.39990234375,2283.60009765625,2283.60009765625,80
2021-06-14 09:17:00+05:30,2286.10009765625,2291.35009765625,2285.050048828125,2286.199951171875,120
2021-06-14 09:18:00+05:30,2286.14990234375,2290.050048828125,2286.14990234375,2290.050048828125,133
2021-06-14 09:19:00+05:30,2288.0,2288.0,2288.0,2288.0,3
2021-06-14 09:20:00+05:30,2287.25,2287.25,2282.0,2284.10009765625,32
2021-06-14 09:21:00+05:30,2281.10009765625,2284.35009765625,2278.050048828125,2278.050048828125,156
2021-06-14 09:22:00+05:30,2278.0,2280.949951171875,2278.0,2280.949951171875,47
2021-06-14 09:23:00+05:30,2281.050048828125,2281.050048828125,2277.0,2277.0,13
2021-06-14 09:24:00+05:30,2280.050048828125,2280.050048828125,2272.0,2275.0,188
2021-06-14 09:26:00+05:30,2275.550048828125,2275.550048828125,2275.550048828125,2275.550048828125,0
2021-06-14 09:27:00+05:30,2273.75,2273.75,2266.85009765625,2266.85009765625,337
2021-06-14 09:28:00+05:30,2270.0,2270.0,2263.050048828125,2263.050048828125,229
2021-06-14 09:29:00+05:30,2264.0,2264.0,2260.0,2260.0,85
2021-06-14 09:30:00+05:30,2256.0,2259.0,2255.0,2255.0,276
2021-06-14 09:32:00+05:30,2255.10009765625,2263.25,2255.10009765625,2255.10009765625,114
2021-06-14 09:33:00+05:30,2255.10009765625,2259.0,2255.10009765625,2258.949951171875,18
2021-06-14 09:34:00+05:30,2255.10009765625,2255.300048828125,2255.10009765625,2255.300048828125,24
2021-06-14 09:35:00+05:30,2257.75,2260.0,2256.0,2256.449951171875,132
2021-06-14 09:36:00+05:30,2261.050048828125,2262.10009765625,2261.0,2262.10009765625,11
2021-06-14 09:37:00+05:30,2262.14990234375,2263.75,2262.14990234375,2263.75,19
2021-06-14 09:38:00+05:30,2268.699951171875,2268.699951171875,2268.699951171875,2268.699951171875,51
2021-06-14 09:39:00+05:30,2265.5,2270.0,2265.5,2270.0,5
2021-06-14 09:40:00+05:30,2267.0,2267.0,2264.0,2266.199951171875,21
2021-06-14 09:41:00+05:30,2264.050048828125,2266.050048828125,2264.0,2264.050048828125,74
2021-06-14 09:42:00+05:30,2267.64990234375,2267.64990234375,2267.64990234375,2267.64990234375,22
2021-06-14 09:43:00+05:30,2267.64990234375,2267.64990234375,2267.60009765625,2267.60009765625,0
2021-06-14 09:44:00+05:30,2268.0,2269.949951171875,2262.699951171875,2262.699951171875,199
2021-06-14 09:45:00+05:30,2262.699951171875,2263.25,2260.0,2263.25,522
2021-06-14 09:46:00+05:30,2263.25,2263.25,2257.85009765625,2262.949951171875,30
2021-06-14 09:47:00+05:30,2263.0,2264.14990234375,2263.0,2264.14990234375,67
2021-06-14 09:48:00+05:30,2260.64990234375,2265.0,2260.64990234375,2265.0,56
2021-06-14 09:49:00+05:30,2264.949951171875,2264.949951171875,2264.949951171875,2264.949951171875,0
2021-06-14 09:50:00+05:30,2265.0,2265.0,2265.0,2265.0,27
2021-06-14 09:51:00+05:30,2259.64990234375,2262.949951171875,2259.64990234375,2262.949951171875,44
2021-06-14 09:52:00+05:30,2262.949951171875,2262.949951171875,2260.0,2262.949951171875,31
2021-06-14 09:53:00+05:30,2262.64990234375,2266.0,2262.64990234375,2266.0,12
2021-06-14 09:54:00+05:30,2263.050048828125,2263.050048828125,2263.050048828125,2263.050048828125,29
2021-06-14 09:55:00+05:30,2261.75,2261.75,2259.0,2259.0,38
2021-06-14 09:56:00+05:30,2260.89990234375,2262.949951171875,2260.89990234375,2262.949951171875,9
2021-06-14 09:57:00+05:30,2262.89990234375,2262.89990234375,2262.89990234375,2262.89990234375,4
2021-06-14 09:58:00+05:30,2262.949951171875,2262.949951171875,2259.300048828125,2259.300048828125,56
2021-06-14 09:59:00+05:30,2262.5,2262.5,2259.25,2259.25,2
2021-06-14 10:00:00+05:30,2263.0,2263.0,2263.0,2263.0,156
2021-06-14 10:01:00+05:30,2263.0,2263.0,2263.0,2263.0,162
2021-06-14 10:02:00+05:30,2262.949951171875,2262.949951171875,2259.949951171875,2259.949951171875,6
2021-06-14 10:03:00+05:30,2259.85009765625,2263.0,2259.85009765625,2263.0,382
2021-06-14 10:04:00+05:30,2262.050048828125,2263.0,2262.050048828125,2263.0,0
2021-06-14 10:06:00+05:30,2263.050048828125,2266.0,2263.050048828125,2263.050048828125,9
2021-06-14 10:08:00+05:30,2265.89990234375,2269.550048828125,2265.89990234375,2269.550048828125,27
2021-06-14 10:09:00+05:30,2269.699951171875,2269.699951171875,2269.5,2269.5,15
2021-06-14 10:10:00+05:30,2265.050048828125,2266.699951171875,2263.300048828125,2266.699951171875,84
2021-06-14 10:11:00+05:30,2270.0,2270.0,2269.949951171875,2269.949951171875,177
2021-06-14 10:14:00+05:30,2269.949951171875,2269.949951171875,2269.64990234375,2269.64990234375,216
2021-06-14 10:15:00+05:30,2269.949951171875,2269.949951171875,2269.949951171875,2269.949951171875,0
2021-06-14 10:16:00+05:30,2267.0,2267.0,2267.0,2267.0,1
2021-06-14 10:17:00+05:30,2269.0,2269.0,2269.0,2269.0,129
2021-06-14 10:18:00+05:30,2269.0,2270.0,2269.0,2270.0,10
2021-06-14 10:19:00+05:30,2270.0,2270.0,2270.0,2270.0,11
2021-06-14 10:21:00+05:30,2270.0,2270.0,2270.0,2270.0,29
2021-06-14 10:22:00+05:30,2270.0,2270.0,2270.0,2270.0,16
2021-06-14 10:23:00+05:30,2270.0,2270.0,2270.0,2270.0,46
2021-06-14 10:24:00+05:30,2269.949951171875,2269.949951171875,2269.949951171875,2269.949951171875,1
2021-06-14 10:27:00+05:30,2269.949951171875,2269.949951171875,2269.14990234375,2269.14990234375,17
2021-06-14 10:28:00+05:30,2269.949951171875,2269.949951171875,2269.949951171875,2269.949951171875,33
2021-06-14 10:30:00+05:30,2269.89990234375,2269.89990234375,2269.89990234375,2269.89990234375,1
2021-06-14 10:32:00+05:30,2269.14990234375,2269.949951171875,2269.14990234375,2269.949951171875,66
2021-06-14 10:33:00+05:30,2269.949951171875,2270.0,2269.949951171875,2270.0,90
2021-06-14 10:34:00+05:30,2270.0,2270.0,2270.0,2270.0,37
2021-06-14 10:35:00+05:30,2269.14990234375,2269.14990234375,2269.14990234375,2269.14990234375,1
2021-06-14 10:36:00+05:30,2269.14990234375,2269.14990234375,2269.14990234375,2269.14990234375,5
2021-06-14 10:37:00+05:30,2269.14990234375,2269.14990234375,2269.14990234375,2269.14990234375,8
2021-06-14 10:39:00+05:30,2269.949951171875,2269.949951171875,2269.949951171875,2269.949951171875,3
2021-06-14 10:40:00+05:30,2269.14990234375,2269.949951171875,2269.14990234375,2269.949951171875,33
2021-06-14 10:41:00+05:30,2269.14990234375,2269.14990234375,2269.14990234375,2269.14990234375,22
2021-06-14 10:42:00+05:30,2269.949951171875,2269.949951171875,2269.949951171875,2269.949951171875,49
2021-06-14 10:43:00+05:30,2268.800048828125,2268.800048828125,2268.800048828125,2268.800048828125,30
2021-06-14 10:44:00+05:30,2267.199951171875,2268.60009765625,2267.199951171875,2268.60009765625,61
2021-06-14 10:47:00+05:30,2266.0,2269.949951171875,2266.0,2266.39990234375,12
2021-06-14 10:48:00+05:30,2269.14990234375,2269.14990234375,2269.14990234375,2269.14990234375,5
2021-06-14 10:49:00+05:30,2269.10009765625,2269.10009765625,2269.10009765625,2269.10009765625,1
2021-06-14 10:51:00+05:30,2269.10009765625,2269.14990234375,2267.050048828125,2267.050048828125,15
2021-06-14 10:54:00+05:30,2269.050048828125,2269.050048828125,2269.050048828125,2269.050048828125,4
2021-06-14 10:57:00+05:30,2269.050048828125,2269.050048828125,2266.14990234375,2266.14990234375,9
2021-06-14 10:59:00+05:30,2268.64990234375,2268.64990234375,2265.800048828125,2265.800048828125,10
2021-06-14 11:01:00+05:30,2268.64990234375,2268.64990234375,2268.64990234375,2268.64990234375,0
2021-06-14 11:03:00+05:30,2266.0,2268.64990234375,2266.0,2266.050048828125,7
2021-06-14 11:04:00+05:30,2265.0,2265.0,2265.0,2265.0,269
2021-06-14 11:05:00+05:30,2264.75,2264.75,2264.5,2264.5,0
2021-06-14 11:07:00+05:30,2264.0,2264.0,2264.0,2264.0,28
2021-06-14 11:08:00+05:30,2265.0,2265.0,2265.0,2265.0,72
2021-06-14 11:09:00+05:30,2267.60009765625,2267.60009765625,2264.5,2264.5,122
2021-06-14 11:10:00+05:30,2264.5,2264.5,2264.5,2264.5,0
2021-06-14 11:12:00+05:30,2264.89990234375,2265.0,2264.89990234375,2265.0,26
2021-06-14 11:13:00+05:30,2263.14990234375,2263.14990234375,2263.14990234375,2263.14990234375,3
2021-06-14 11:14:00+05:30,2265.0,2265.0,2265.0,2265.0,70
2021-06-14 11:16:00+05:30,2265.0,2265.0,2265.0,2265.0,89
2021-06-14 11:17:00+05:30,2265.0,2265.0,2265.0,2265.0,0
2021-06-14 11:19:00+05:30,2263.0,2263.0,2263.0,2263.0,38
2021-06-14 11:20:00+05:30,2265.0,2265.0,2265.0,2265.0,14
2021-06-14 11:21:00+05:30,2265.0,2265.0,2265.0,2265.0,2
2021-06-14 11:22:00+05:30,2265.0,2265.0,2265.0,2265.0,28
2021-06-14 11:24:00+05:30,2265.0,2265.0,2265.0,2265.0,2
2021-06-14 11:25:00+05:30,2263.050048828125,2265.0,2263.050048828125,2265.0,6
2021-06-14 11:27:00+05:30,2265.0,2265.0,2265.0,2265.0,0
2021-06-14 11:28:00+05:30,2265.949951171875,2265.949951171875,2263.050048828125,2265.949951171875,20
2021-06-14 11:29:00+05:30,2266.0,2266.0,2266.0,2266.0,18
2021-06-14 11:30:00+05:30,2263.35009765625,2263.35009765625,2263.35009765625,2263.35009765625,0
2021-06-14 11:35:00+05:30,2266.0,2266.0,2266.0,2266.0,21
2021-06-14 11:36:00+05:30,2266.0,2266.0,2266.0,2266.0,19
2021-06-14 11:39:00+05:30,2264.050048828125,2264.050048828125,2264.050048828125,2264.050048828125,2
2021-06-14 11:40:00+05:30,2264.0,2264.0,2264.0,2264.0,1
2021-06-14 11:43:00+05:30,2265.35009765625,2265.35009765625,2265.35009765625,2265.35009765625,5
2021-06-14 11:44:00+05:30,2265.949951171875,2266.0,2263.10009765625,2263.10009765625,11
2021-06-14 11:45:00+05:30,2263.0,2263.0,2263.0,2263.0,10
2021-06-14 11:46:00+05:30,2259.0,2259.0,2255.14990234375,2258.550048828125,306
2021-06-14 11:47:00+05:30,2256.39990234375,2256.39990234375,2256.39990234375,2256.39990234375,0
2021-06-14 11:48:00+05:30,2256.0,2256.0,2254.0,2254.0,141
2021-06-14 11:49:00+05:30,2254.0,2254.0,2252.0,2252.0,143
2021-06-14 11:50:00+05:30,2251.949951171875,2252.10009765625,2251.949951171875,2252.10009765625,12
2021-06-14 11:51:00+05:30,2253.0,2254.89990234375,2253.0,2254.89990234375,43
2021-06-14 11:52:00+05:30,2252.949951171875,2252.949951171875,2252.89990234375,2252.89990234375,116
2021-06-14 11:53:00+05:30,2254.0,2255.0,2251.85009765625,2251.85009765625,88
2021-06-14 11:54:00+05:30,2251.75,2251.75,2251.75,2251.75,10
2021-06-14 11:55:00+05:30,2250.0,2250.0,2248.14990234375,2248.14990234375,566
2021-06-14 11:56:00+05:30,2248.949951171875,2250.0,2248.949951171875,2250.0,70
2021-06-14 11:57:00+05:30,2250.0,2250.050048828125,2250.0,2250.0,5
2021-06-14 11:58:00+05:30,2250.0,2250.0,2250.0,2250.0,0
2021-06-14 11:59:00+05:30,2250.60009765625,2250.60009765625,2250.60009765625,2250.60009765625,1
2021-06-14 12:00:00+05:30,2251.10009765625,2253.85009765625,2251.10009765625,2253.85009765625,239
2021-06-14 12:01:00+05:30,2253.85009765625,2253.85009765625,2253.85009765625,2253.85009765625,0
2021-06-14 12:02:00+05:30,2253.800048828125,2253.800048828125,2253.800048828125,2253.800048828125,1
2021-06-14 12:03:00+05:30,2253.85009765625,2253.85009765625,2253.85009765625,2253.85009765625,46
2021-06-14 12:04:00+05:30,2254.14990234375,2254.14990234375,2254.14990234375,2254.14990234375,14
2021-06-14 12:05:00+05:30,2254.14990234375,2254.14990234375,2252.0,2252.0,68
2021-06-14 12:06:00+05:30,2253.85009765625,2253.85009765625,2253.85009765625,2253.85009765625,299
2021-06-14 12:07:00+05:30,2254.949951171875,2254.949951171875,2254.949951171875,2254.949951171875,2
2021-06-14 12:09:00+05:30,2252.0,2252.0,2252.0,2252.0,7
2021-06-14 12:10:00+05:30,2254.800048828125,2254.800048828125,2254.800048828125,2254.800048828125,3
2021-06-14 12:12:00+05:30,2254.800048828125,2254.800048828125,2254.800048828125,2254.800048828125,2
2021-06-14 12:14:00+05:30,2254.949951171875,2254.949951171875,2254.949951171875,2254.949951171875,0
2021-06-14 12:15:00+05:30,2254.949951171875,2254.949951171875,2254.949951171875,2254.949951171875,4
2021-06-14 12:17:00+05:30,2252.5,2254.89990234375,2252.5,2254.89990234375,32
2021-06-14 12:18:00+05:30,2254.949951171875,2255.0,2254.949951171875,2255.0,191
2021-06-14 12:19:00+05:30,2255.0,2255.0,2252.449951171875,2252.449951171875,0
2021-06-14 12:20:00+05:30,2254.89990234375,2254.89990234375,2252.89990234375,2252.89990234375,16
2021-06-14 12:24:00+05:30,2254.949951171875,2255.0,2254.949951171875,2255.0,10
2021-06-14 12:25:00+05:30,2252.75,2252.75,2252.75,2252.75,11
2021-06-14 12:30:00+05:30,2253.0,2253.0,2253.0,2253.0,2
2021-06-14 12:32:00+05:30,2254.64990234375,2255.0,2254.64990234375,2255.0,50
2021-06-14 12:34:00+05:30,2254.949951171875,2254.949951171875,2254.949951171875,2254.949951171875,0
2021-06-14 12:35:00+05:30,2254.949951171875,2255.0,2254.949951171875,2255.0,8
2021-06-14 12:37:00+05:30,2254.949951171875,2255.0,2254.949951171875,2255.0,6
2021-06-14 12:38:00+05:30,2257.050048828125,2258.800048828125,2255.0,2255.0,139
2021-06-14 12:39:00+05:30,2255.0,2255.0,2255.0,2255.0,0
2021-06-14 12:41:00+05:30,2255.0,2255.0,2255.0,2255.0,0
2021-06-14 12:42:00+05:30,2254.85009765625,2255.0,2254.85009765625,2255.0,59
2021-06-14 12:43:00+05:30,2254.800048828125,2254.800048828125,2254.800048828125,2254.800048828125,32
2021-06-14 12:45:00+05:30,2254.800048828125,2254.800048828125,2253.050048828125,2253.050048828125,31
2021-06-14 12:46:00+05:30,2253.0,2253.0,2253.0,2253.0,19
2021-06-14 12:48:00+05:30,2254.949951171875,2254.949951171875,2254.949951171875,2254.949951171875,0
2021-06-14 12:49:00+05:30,2251.0,2251.0,2251.0,2251.0,123
2021-06-14 12:50:00+05:30,2253.85009765625,2255.0,2253.85009765625,2255.0,157
2021-06-14 12:51:00+05:30,2252.85009765625,2252.85009765625,2252.5,2252.5,0
2021-06-14 12:52:00+05:30,2252.35009765625,2255.0,2252.35009765625,2255.0,22
2021-06-14 12:53:00+05:30,2255.0,2255.0,2255.0,2255.0,10
2021-06-14 12:55:00+05:30,2255.0,2255.0,2255.0,2255.0,0
2021-06-14 12:56:00+05:30,2255.0,2255.0,2255.0,2255.0,9
2021-06-14 12:57:00+05:30,2252.35009765625,2252.35009765625,2252.35009765625,2252.35009765625,0
2021-06-14 12:58:00+05:30,2254.85009765625,2254.949951171875,2254.85009765625,2254.949951171875,20
2021-06-14 13:00:00+05:30,2255.0,2255.0,2255.0,2255.0,5
2021-06-14 13:01:00+05:30,2255.0,2255.0,2255.0,2255.0,0
2021-06-14 13:02:00+05:30,2255.0,2255.0,2255.0,2255.0,132
2021-06-14 13:04:00+05:30,2255.0,2255.0,2255.0,2255.0,26
2021-06-14 13:06:00+05:30,2255.0,2255.0,2255.0,2255.0,0
2021-06-14 13:07:00+05:30,2255.0,2255.0,2255.0,2255.0,1
2021-06-14 13:09:00+05:30,2255.0,2255.0,2255.0,2255.0,3
2021-06-14 13:10:00+05:30,2255.0,2255.0,2252.800048828125,2252.800048828125,17
2021-06-14 13:13:00+05:30,2253.800048828125,2253.800048828125,2253.800048828125,2253.800048828125,1
2021-06-14 13:15:00+05:30,2251.0,2254.949951171875,2250.60009765625,2250.60009765625,185
2021-06-14 13:16:00+05:30,2253.800048828125,2253.800048828125,2253.800048828125,2253.800048828125,0
2021-06-14 13:17:00+05:30,2253.800048828125,2253.800048828125,2250.75,2250.75,32
2021-06-14 13:18:00+05:30,2253.85009765625,2253.85009765625,2253.85009765625,2253.85009765625,22
2021-06-14 13:19:00+05:30,2250.949951171875,2250.949951171875,2250.949951171875,2250.949951171875,0
2021-06-14 13:20:00+05:30,2250.75,2250.75,2250.75,2250.75,0
2021-06-14 13:22:00+05:30,2254.39990234375,2254.449951171875,2254.39990234375,2254.449951171875,7
2021-06-14 13:23:00+05:30,2255.0,2255.0,2255.0,2255.0,38
2021-06-14 13:24:00+05:30,2255.0,2255.0,2255.0,2255.0,11
2021-06-14 13:26:00+05:30,2251.300048828125,2253.800048828125,2251.25,2253.800048828125,31
2021-06-14 13:28:00+05:30,2254.949951171875,2254.949951171875,2254.949951171875,2254.949951171875,0
2021-06-14 13:30:00+05:30,2255.0,2255.0,2255.0,2255.0,12
2021-06-14 13:31:00+05:30,2255.0,2255.0,2255.0,2255.0,0
2021-06-14 13:36:00+05:30,2253.800048828125,2253.800048828125,2253.800048828125,2253.800048828125,0
2021-06-14 13:38:00+05:30,2254.64990234375,2254.64990234375,2254.64990234375,2254.64990234375,2
2021-06-14 13:40:00+05:30,2252.199951171875,2253.75,2252.199951171875,2253.75,255
2021-06-14 13:41:00+05:30,2254.949951171875,2254.949951171875,2254.949951171875,2254.949951171875,0
2021-06-14 13:42:00+05:30,2252.199951171875,2256.300048828125,2252.199951171875,2256.300048828125,128
2021-06-14 13:43:00+05:30,2256.449951171875,2256.449951171875,2256.449951171875,2256.449951171875,5
2021-06-14 13:44:00+05:30,2256.89990234375,2256.89990234375,2256.89990234375,2256.89990234375,193
2021-06-14 13:46:00+05:30,2252.89990234375,2252.89990234375,2252.89990234375,2252.89990234375,0
2021-06-14 13:47:00+05:30,2252.89990234375,2256.949951171875,2252.89990234375,2256.949951171875,120
2021-06-14 13:48:00+05:30,2256.949951171875,2256.949951171875,2256.949951171875,2256.949951171875,0
2021-06-14 13:49:00+05:30,2256.949951171875,2256.949951171875,2253.949951171875,2253.949951171875,165
2021-06-14 13:50:00+05:30,2255.10009765625,2256.10009765625,2255.10009765625,2256.10009765625,8
2021-06-14 13:51:00+05:30,2256.75,2256.949951171875,2256.75,2256.949951171875,12
2021-06-14 13:52:00+05:30,2256.949951171875,2256.949951171875,2256.949951171875,2256.949951171875,45
2021-06-14 13:53:00+05:30,2256.949951171875,2256.949951171875,2254.050048828125,2254.050048828125,22
2021-06-14 13:55:00+05:30,2255.0,2255.0,2255.0,2255.0,2
2021-06-14 13:57:00+05:30,2255.0,2255.0,2255.0,2255.0,1
2021-06-14 13:58:00+05:30,2255.0,2255.0,2255.0,2255.0,49
2021-06-14 13:59:00+05:30,2255.0,2255.0,2255.0,2255.0,0
2021-06-14 14:00:00+05:30,2253.0,2253.550048828125,2249.0,2249.0,161
2021-06-14 14:02:00+05:30,2253.300048828125,2253.300048828125,2253.300048828125,2253.300048828125,0
2021-06-14 14:03:00+05:30,2250.300048828125,2255.0,2250.300048828125,2250.550048828125,115
2021-06-14 14:04:00+05:30,2249.050048828125,2249.050048828125,2249.050048828125,2249.050048828125,38
2021-06-14 14:05:00+05:30,2255.0,2255.0,2249.89990234375,2252.75,105
2021-06-14 14:06:00+05:30,2249.800048828125,2249.800048828125,2249.800048828125,2249.800048828125,44
2021-06-14 14:07:00+05:30,2250.050048828125,2250.050048828125,2244.75,2248.800048828125,498
2021-06-14 14:08:00+05:30,2244.050048828125,2244.050048828125,2244.050048828125,2244.050048828125,25
2021-06-14 14:09:00+05:30,2247.5,2248.85009765625,2247.5,2248.85009765625,0
2021-06-14 14:13:00+05:30,2252.14990234375,2252.14990234375,2252.14990234375,2252.14990234375,18
2021-06-14 14:14:00+05:30,2249.0,2250.949951171875,2249.0,2250.949951171875,13
2021-06-14 14:16:00+05:30,2250.0,2250.0,2250.0,2250.0,2
2021-06-14 14:17:00+05:30,2251.39990234375,2251.39990234375,2249.25,2249.25,10
2021-06-14 14:18:00+05:30,2249.199951171875,2249.199951171875,2249.199951171875,2249.199951171875,30
2021-06-14 14:20:00+05:30,2251.0,2251.0,2251.0,2251.0,0
2021-06-14 14:21:00+05:30,2251.0,2252.10009765625,2251.0,2252.10009765625,13
2021-06-14 14:23:00+05:30,2252.050048828125,2252.050048828125,2247.60009765625,2247.60009765625,105
2021-06-14 14:25:00+05:30,2251.89990234375,2251.89990234375,2249.0,2249.0,37
2021-06-14 14:26:00+05:30,2251.800048828125,2251.85009765625,2251.75,2251.75,4
2021-06-14 14:27:00+05:30,2251.89990234375,2251.89990234375,2251.89990234375,2251.89990234375,8
2021-06-14 14:28:00+05:30,2251.89990234375,2251.89990234375,2251.89990234375,2251.89990234375,5
2021-06-14 14:29:00+05:30,2252.0,2252.14990234375,2251.89990234375,2251.89990234375,4
2021-06-14 14:32:00+05:30,2254.75,2254.75,2254.75,2254.75,1
2021-06-14 14:33:00+05:30,2254.800048828125,2254.800048828125,2250.699951171875,2250.699951171875,54
2021-06-14 14:35:00+05:30,2252.050048828125,2252.050048828125,2252.050048828125,2252.050048828125,4
2021-06-14 14:36:00+05:30,2252.050048828125,2252.050048828125,2252.050048828125,2252.050048828125,19
2021-06-14 14:37:00+05:30,2252.050048828125,2252.050048828125,2252.050048828125,2252.050048828125,7
2021-06-14 14:39:00+05:30,2250.699951171875,2250.699951171875,2250.699951171875,2250.699951171875,2
2021-06-14 14:41:00+05:30,2250.85009765625,2250.85009765625,2250.85009765625,2250.85009765625,11
2021-06-14 14:42:00+05:30,2253.14990234375,2253.14990234375,2253.14990234375,2253.14990234375,0
2021-06-14 14:43:00+05:30,2253.14990234375,2253.199951171875,2253.14990234375,2253.199951171875,15
2021-06-14 14:44:00+05:30,2253.949951171875,2255.0,2253.949951171875,2255.0,38
2021-06-14 14:45:00+05:30,2254.800048828125,2254.800048828125,2250.800048828125,2250.800048828125,28
2021-06-14 14:46:00+05:30,2253.699951171875,2253.699951171875,2253.699951171875,2253.699951171875,0
2021-06-14 14:49:00+05:30,2253.0,2253.0,2253.0,2253.0,4
2021-06-14 14:52:00+05:30,2254.0,2254.0,2254.0,2254.0,1
2021-06-14 14:53:00+05:30,2253.949951171875,2253.949951171875,2253.949951171875,2253.949951171875,2
2021-06-14 14:54:00+05:30,2253.949951171875,2253.949951171875,2251.0,2251.0,173
2021-06-14 14:55:00+05:30,2251.0,2251.0,2250.0,2250.0,56
2021-06-14 14:56:00+05:30,2250.0,2250.0,2250.0,2250.0,33
2021-06-14 14:57:00+05:30,2250.050048828125,2250.050048828125,2248.0,2248.0,29
2021-06-14 14:58:00+05:30,2248.5,2248.5,2248.5,2248.5,59
2021-06-14 14:59:00+05:30,2247.0,2248.85009765625,2245.300048828125,2247.050048828125,27
2021-06-14 15:00:00+05:30,2247.0,2247.0,2247.0,2247.0,17
2021-06-14 15:01:00+05:30,2248.85009765625,2248.85009765625,2247.0,2247.0,17
2021-06-14 15:02:00+05:30,2244.0,2244.0,2241.0,2241.0,815
2021-06-14 15:03:00+05:30,2241.050048828125,2241.050048828125,2241.050048828125,2241.050048828125,0
2021-06-14 15:04:00+05:30,2241.25,2241.25,2241.25,2241.25,50
2021-06-14 15:05:00+05:30,2245.60009765625,2245.60009765625,2245.60009765625,2245.60009765625,35
2021-06-14 15:06:00+05:30,2246.300048828125,2247.199951171875,2246.300048828125,2247.199951171875,17
2021-06-14 15:07:00+05:30,2246.050048828125,2247.14990234375,2245.0,2245.0,31
2021-06-14 15:08:00+05:30,2244.949951171875,2250.0,2244.949951171875,2247.949951171875,199
2021-06-14 15:09:00+05:30,2249.5,2249.5,2247.050048828125,2247.050048828125,0
2021-06-14 15:10:00+05:30,2247.050048828125,2249.5,2247.050048828125,2248.800048828125,34
2021-06-14 15:11:00+05:30,2249.949951171875,2249.949951171875,2249.949951171875,2249.949951171875,17
2021-06-14 15:12:00+05:30,2249.0,2249.0,2246.0,2246.0,29
2021-06-14 15:13:00+05:30,2246.0,2254.800048828125,2241.0,2241.0,3075
2021-06-14 15:15:00+05:30,2248.10009765625,2248.949951171875,2241.0,2241.0,218
2021-06-14 15:16:00+05:30,2245.949951171875,2246.699951171875,2241.5,2244.949951171875,136
2021-06-14 15:17:00+05:30,2244.25,2244.25,2242.0,2242.0,66
2021-06-14 15:18:00+05:30,2244.050048828125,2245.0,2244.0,2244.0,62
2021-06-14 15:19:00+05:30,2244.949951171875,2245.0,2242.050048828125,2242.050048828125,5
2021-06-14 15:20:00+05:30,2242.550048828125,2244.949951171875,2242.550048828125,2244.949951171875,123
2021-06-14 15:21:00+05:30,2244.949951171875,2244.949951171875,2244.89990234375,2244.949951171875,57
2021-06-14 15:22:00+05:30,2244.85009765625,2244.949951171875,2244.85009765625,2244.949951171875,14
2021-06-14 15:23:00+05:30,2244.89990234375,2244.949951171875,2241.10009765625,2244.89990234375,147
2021-06-14 15:24:00+05:30,2242.25,2244.89990234375,2242.25,2244.60009765625,34
2021-06-14 15:25:00+05:30,2243.949951171875,2243.949951171875,2242.300048828125,2242.300048828125,78
2021-06-14 15:26:00+05:30,2243.75,2243.75,2241.050048828125,2241.050048828125,110
2021-06-14 15:27:00+05:30,2243.64990234375,2249.0,2243.64990234375,2249.0,313
2021-06-14 15:28:00+05:30,2248.0,2249.0,2248.0,2249.0,0
2021-06-14 15:29:00+05:30,2245.050048828125,2254.949951171875,2245.0,2245.0,83
2021-06-15 09:15:00+05:30,2251.75,2256.89990234375,2251.75,2256.14990234375,0
2021-06-15 09:16:00+05:30,2256.5,2260.050048828125,2256.5,2260.050048828125,98
2021-06-15 09:17:00+05:30,2260.0,2266.60009765625,2260.0,2264.699951171875,26
2021-06-15 09:18:00+05:30,2265.300048828125,2269.5,2265.300048828125,2269.5,39
2021-06-15 09:19:00+05:30,2269.5,2270.0,2269.5,2270.0,8
2021-06-15 09:21:00+05:30,2266.699951171875,2269.449951171875,2265.60009765625,2269.449951171875,37
2021-06-15 09:22:00+05:30,2265.449951171875,2265.449951171875,2253.800048828125,2253.800048828125,85
2021-06-15 09:23:00+05:30,2255.699951171875,2260.0,2255.699951171875,2260.0,92
2021-06-15 09:24:00+05:30,2262.199951171875,2263.199951171875,2257.449951171875,2262.550048828125,466
2021-06-15 09:25:00+05:30,2259.14990234375,2262.64990234375,2258.10009765625,2262.64990234375,13
2021-06-15 09:26:00+05:30,2261.699951171875,2261.699951171875,2261.699951171875,2261.699951171875,6
2021-06-15 09:27:00+05:30,2258.0,2258.0,2258.0,2258.0,38
2021-06-15 09:28:00+05:30,2261.75,2261.75,2260.0,2260.0,30
2021-06-15 09:29:00+05:30,2260.0,2260.0,2254.5,2254.5,137
2021-06-15 09:31:00+05:30,2251.050048828125,2251.050048828125,2251.050048828125,2251.050048828125,68
2021-06-15 09:32:00+05:30,2254.25,2254.25,2251.550048828125,2251.550048828125,2
2021-06-15 09:34:00+05:30,2255.35009765625,2255.35009765625,2255.35009765625,2255.35009765625,3
2021-06-15 09:35:00+05:30,2255.300048828125,2255.300048828125,2255.050048828125,2255.050048828125,10
2021-06-15 09:36:00+05:30,2255.0,2255.0,2252.050048828125,2255.0,31
2021-06-15 09:37:00+05:30,2255.300048828125,2255.300048828125,2255.25,2255.25,0
2021-06-15 09:38:00+05:30,2252.10009765625,2252.10009765625,2252.10009765625,2252.10009765625,10
2021-06-15 09:39:00+05:30,2252.10009765625,2252.10009765625,2252.10009765625,2252.10009765625,5
2021-06-15 09:40:00+05:30,2253.0,2253.0,2253.0,2253.0,22
2021-06-15 09:41:00+05:30,2254.449951171875,2254.449951171875,2254.449951171875,2254.449951171875,11
2021-06-15 09:42:00+05:30,2256.39990234375,2256.39990234375,2256.39990234375,2256.39990234375,1
2021-06-15 09:43:00+05:30,2256.5,2258.0,2256.5,2258.0,10
2021-06-15 09:44:00+05:30,2258.0,2258.0,2255.050048828125,2255.050048828125,8
2021-06-15 09:46:00+05:30,2255.75,2255.75,2255.75,2255.75,7
2021-06-15 09:48:00+05:30,2258.0,2258.0,2258.0,2258.0,18
2021-06-15 09:49:00+05:30,2258.75,2259.699951171875,2258.0,2258.0,60
2021-06-15 09:50:00+05:30,2259.699951171875,2259.699951171875,2258.14990234375,2258.14990234375,31
2021-06-15 09:51:00+05:30,2259.0,2259.0,2259.0,2259.0,41
2021-06-15 09:52:00+05:30,2258.0,2258.0,2258.0,2258.0,16
2021-06-15 09:53:00+05:30,2258.5,2258.5,2258.5,2258.5,17
2021-06-15 09:54:00+05:30,2258.5,2258.5,2258.5,2258.5,21
2021-06-15 09:57:00+05:30,2255.050048828125,2255.050048828125,2255.050048828125,2255.050048828125,0
2021-06-15 09:58:00+05:30,2256.800048828125,2256.800048828125,2256.800048828125,2256.800048828125,2
2021-06-15 09:59:00+05:30,2257.699951171875,2257.699951171875,2257.699951171875,2257.699951171875,1
2021-06-15 10:01:00+05:30,2255.60009765625,2255.60009765625,2255.60009765625,2255.60009765625,60
2021-06-15 10:05:00+05:30,2257.5,2257.5,2255.64990234375,2255.64990234375,0
2021-06-15 10:06:00+05:30,2254.39990234375,2256.949951171875,2254.050048828125,2256.949951171875,20
2021-06-15 10:08:00+05:30,2257.550048828125,2257.550048828125,2257.550048828125,2257.550048828125,4
2021-06-15 10:11:00+05:30,2257.699951171875,2257.89990234375,2257.699951171875,2257.89990234375,10
2021-06-15 10:12:00+05:30,2257.949951171875,2257.949951171875,2256.449951171875,2257.89990234375,21
2021-06-15 10:14:00+05:30,2256.449951171875,2256.5,2256.449951171875,2256.5,46
2021-06-15 10:15:00+05:30,2253.35009765625,2253.35009765625,2253.35009765625,2253.35009765625,8
2021-06-15 10:16:00+05:30,2252.85009765625,2252.85009765625,2252.85009765625,2252.85009765625,0
2021-06-15 10:17:00+05:30,2256.050048828125,2256.050048828125,2256.050048828125,2256.050048828125,5
2021-06-15 10:21:00+05:30,2257.5,2257.5,2254.449951171875,2254.449951171875,104
2021-06-15 10:23:00+05:30,2257.14990234375,2257.14990234375,2257.14990234375,2257.14990234375,19
2021-06-15 10:24:00+05:30,2254.5,2254.5,2254.5,2254.5,1
2021-06-15 10:25:00+05:30,2257.39990234375,2257.5,2257.39990234375,2257.5,4
2021-06-15 10:27:00+05:30,2257.5,2257.5,2257.5,2257.5,0
2021-06-15 10:28:00+05:30,2257.5,2257.5,2254.699951171875,2257.5,7
2021-06-15 10:29:00+05:30,2257.449951171875,2257.449951171875,2257.449951171875,2257.449951171875,1
2021-06-15 10:30:00+05:30,2254.5,2254.5,2254.5,2254.5,8
2021-06-15 10:32:00+05:30,2257.14990234375,2257.14990234375,2257.14990234375,2257.14990234375,0
2021-06-15 10:33:00+05:30,2254.550048828125,2254.550048828125,2254.0,2254.5,138
2021-06-15 10:34:00+05:30,2252.89990234375,2252.89990234375,2252.89990234375,2252.89990234375,0
2021-06-15 10:35:00+05:30,2255.85009765625,2255.85009765625,2255.85009765625,2255.85009765625,2
2021-06-15 10:38:00+05:30,2256.0,2256.0,2256.0,2256.0,78
2021-06-15 10:39:00+05:30,2253.0,2253.0,2253.0,2253.0,0
2021-06-15 10:41:00+05:30,2252.5,2252.5,2252.5,2252.5,16
2021-06-15 10:42:00+05:30,2252.050048828125,2252.5,2251.0,2251.0,54
2021-06-15 10:43:00+05:30,2252.5,2252.5,2252.5,2252.5,11
2021-06-15 10:44:00+05:30,2251.050048828125,2252.5,2251.050048828125,2252.5,154
2021-06-15 10:45:00+05:30,2256.5,2256.5,2256.5,2256.5,0
2021-06-15 10:47:00+05:30,2256.64990234375,2256.64990234375,2256.64990234375,2256.64990234375,1
2021-06-15 10:49:00+05:30,2255.0,2255.0,2255.0,2255.0,1
2021-06-15 10:50:00+05:30,2255.0,2255.0,2255.0,2255.0,19
2021-06-15 10:51:00+05:30,2255.0,2255.0,2255.0,2255.0,4
2021-06-15 10:55:00+05:30,2256.75,2256.75,2256.75,2256.75,10
2021-06-15 10:57:00+05:30,2256.85009765625,2256.85009765625,2256.85009765625,2256.85009765625,0
2021-06-15 10:58:00+05:30,2255.050048828125,2255.10009765625,2255.050048828125,2255.10009765625,13
2021-06-15 11:00:00+05:30,2256.949951171875,2256.949951171875,2256.949951171875,2256.949951171875,0
2021-06-15 11:01:00+05:30,2257.0,2257.0,2257.0,2257.0,19
2021-06-15 11:02:00+05:30,2257.0,2257.0,2257.0,2257.0,0
2021-06-15 11:03:00+05:30,2255.39990234375,2257.449951171875,2255.39990234375,2257.449951171875,34
2021-06-15 11:05:00+05:30,2257.449951171875,2257.449951171875,2257.449951171875,2257.449951171875,0
2021-06-15 11:07:00+05:30,2256.0,2256.0,2256.0,2256.0,85
2021-06-15 11:08:00+05:30,2256.0,2256.0,2255.449951171875,2256.0,71
2021-06-15 11:12:00+05:30,2253.949951171875,2255.949951171875,2253.949951171875,2255.949951171875,7
2021-06-15 11:15:00+05:30,2256.0,2256.0,2256.0,2256.0,50
2021-06-15 11:16:00+05:30,2251.89990234375,2251.89990234375,2251.89990234375,2251.89990234375,0
2021-06-15 11:17:00+05:30,2254.800048828125,2254.800048828125,2254.800048828125,2254.800048828125,4
2021-06-15 11:19:00+05:30,2256.0,2256.60009765625,2253.10009765625,2256.60009765625,43
2021-06-15 11:20:00+05:30,2252.75,2252.75,2252.75,2252.75,3
2021-06-15 11:24:00+05:30,2255.89990234375,2255.949951171875,2255.89990234375,2255.949951171875,110
2021-06-15 11:32:00+05:30,2255.949951171875,2255.949951171875,2255.949951171875,2255.949951171875,43
2021-06-15 11:34:00+05:30,2254.0,2254.0,2254.0,2254.0,0
2021-06-15 11:35:00+05:30,2254.0,2254.0,2252.199951171875,2252.199951171875,10
2021-06-15 11:37:00+05:30,2245.0,2245.0,2236.0,2238.0,407
2021-06-15 11:38:00+05:30,2238.050048828125,2238.050048828125,2238.050048828125,2238.050048828125,0
2021-06-15 11:39:00+05:30,2238.050048828125,2238.050048828125,2234.199951171875,2234.949951171875,149
2021-06-15 11:40:00+05:30,2235.0,2235.0,2231.699951171875,2235.0,74
2021-06-15 11:41:00+05:30,2230.0,2234.050048828125,2230.0,2233.64990234375,146
2021-06-15 11:42:00+05:30,2233.64990234375,2234.5,2232.0,2232.0,23
2021-06-15 11:43:00+05:30,2233.949951171875,2236.25,2233.949951171875,2236.25,683
2021-06-15 11:44:00+05:30,2236.25,2236.25,2236.25,2236.25,11
2021-06-15 11:45:00+05:30,2236.35009765625,2239.39990234375,2236.35009765625,2239.39990234375,52
2021-06-15 11:47:00+05:30,2237.050048828125,2237.050048828125,2237.050048828125,2237.050048828125,1
2021-06-15 11:48:00+05:30,2240.64990234375,2240.64990234375,2240.64990234375,2240.64990234375,50
2021-06-15 11:49:00+05:30,2238.35009765625,2240.949951171875,2238.35009765625,2240.949951171875,0
2021-06-15 11:50:00+05:30,2241.300048828125,2241.300048828125,2240.0,2240.0,11
2021-06-15 11:51:00+05:30,2240.0,2240.300048828125,2240.0,2240.300048828125,0
2021-06-15 11:52:00+05:30,2240.300048828125,2240.300048828125,2240.199951171875,2240.199951171875,63
2021-06-15 11:53:00+05:30,2243.14990234375,2243.14990234375,2243.14990234375,2243.14990234375,0
2021-06-15 11:54:00+05:30,2243.39990234375,2243.39990234375,2240.35009765625,2240.35009765625,38
2021-06-15 11:55:00+05:30,2240.35009765625,2240.35009765625,2240.35009765625,2240.35009765625,0
2021-06-15 11:57:00+05:30,2235.0,2235.449951171875,2234.050048828125,2235.449951171875,588
2021-06-15 11:58:00+05:30,2239.0,2241.89990234375,2239.0,2241.89990234375,228
2021-06-15 11:59:00+05:30,2246.85009765625,2246.85009765625,2246.85009765625,2246.85009765625,19
2021-06-15 12:00:00+05:30,2247.14990234375,2247.14990234375,2247.14990234375,2247.14990234375,47
2021-06-15 12:03:00+05:30,2241.64990234375,2241.64990234375,2241.64990234375,2241.64990234375,27
2021-06-15 12:09:00+05:30,2241.64990234375,2241.64990234375,2241.64990234375,2241.64990234375,38
2021-06-15 12:11:00+05:30,2242.0,2242.0,2242.0,2242.0,0
2021-06-15 12:12:00+05:30,2241.64990234375,2241.64990234375,2241.64990234375,2241.64990234375,9
2021-06-15 12:13:00+05:30,2243.949951171875,2243.949951171875,2241.64990234375,2241.64990234375,7
2021-06-15 12:15:00+05:30,2242.0,2242.0,2242.0,2242.0,34
2021-06-15 12:17:00+05:30,2242.0,2242.0,2242.0,2242.0,5
2021-06-15 12:18:00+05:30,2242.0,2242.0,2241.300048828125,2241.300048828125,28
2021-06-15 12:20:00+05:30,2240.449951171875,2240.449951171875,2240.449951171875,2240.449951171875,0
2021-06-15 12:21:00+05:30,2240.050048828125,2240.050048828125,2240.0,2240.0,7
2021-06-15 12:23:00+05:30,2240.0,2240.0,2240.0,2240.0,13
2021-06-15 12:25:00+05:30,2240.0,2240.0,2240.0,2240.0,55
2021-06-15 12:28:00+05:30,2239.64990234375,2240.0,2239.64990234375,2240.0,0
2021-06-15 12:30:00+05:30,2239.5,2239.5,2239.5,2239.5,203
2021-06-15 12:31:00+05:30,2236.39990234375,2239.89990234375,2236.39990234375,2239.89990234375,33
2021-06-15 12:32:00+05:30,2239.89990234375,2241.550048828125,2239.89990234375,2241.550048828125,43
2021-06-15 12:33:00+05:30,2237.5,2237.5,2237.5,2237.5,7
2021-06-15 12:34:00+05:30,2232.0,2234.0,2231.449951171875,2233.0,799
2021-06-15 12:35:00+05:30,2227.60009765625,2228.0,2227.60009765625,2228.0,355
2021-06-15 12:36:00+05:30,2228.0,2229.89990234375,2228.0,2229.89990234375,21
2021-06-15 12:37:00+05:30,2224.949951171875,2224.949951171875,2221.35009765625,2222.35009765625,272
2021-06-15 12:38:00+05:30,2221.0,2222.5,2220.949951171875,2222.5,22
2021-06-15 12:39:00+05:30,2222.5,2222.5,2221.0,2221.0,42
2021-06-15 12:40:00+05:30,2221.050048828125,2221.050048828125,2221.050048828125,2221.050048828125,0
2021-06-15 12:41:00+05:30,2223.050048828125,2224.10009765625,2223.050048828125,2223.199951171875,21
2021-06-15 12:42:00+05:30,2223.25,2224.0,2223.25,2224.0,37
2021-06-15 12:43:00+05:30,2223.5,2224.0,2223.5,2224.0,46
2021-06-15 12:44:00+05:30,2224.0,2224.0,2224.0,2224.0,0
2021-06-15 12:45:00+05:30,2224.10009765625,2224.10009765625,2223.949951171875,2223.949951171875,158
2021-06-15 12:47:00+05:30,2224.85009765625,2224.85009765625,2224.85009765625,2224.85009765625,3
2021-06-15 12:48:00+05:30,2224.89990234375,2224.89990234375,2224.89990234375,2224.89990234375,3
2021-06-15 12:49:00+05:30,2224.89990234375,2225.0,2224.85009765625,2225.0,213
2021-06-15 12:50:00+05:30,2225.0,2225.0,2225.0,2225.0,818
2021-06-15 12:52:00+05:30,2225.0,2225.0,2224.0,2224.0,0
2021-06-15 12:53:00+05:30,2224.0,2225.0,2224.0,2225.0,11
2021-06-15 12:54:00+05:30,2222.0,2222.0,2222.0,2222.0,34
2021-06-15 12:55:00+05:30,2224.85009765625,2224.89990234375,2224.85009765625,2224.89990234375,67
2021-06-15 12:56:00+05:30,2224.89990234375,2224.89990234375,2223.5,2224.85009765625,0
2021-06-15 12:57:00+05:30,2223.5,2223.5,2222.0,2222.0,280
2021-06-15 12:58:00+05:30,2222.699951171875,2222.699951171875,2222.0,2222.0,75
2021-06-15 12:59:00+05:30,2222.0,2222.0,2221.14990234375,2221.14990234375,18
2021-06-15 13:00:00+05:30,2222.199951171875,2225.0,2222.199951171875,2225.0,180
2021-06-15 13:01:00+05:30,2224.0,2225.0,2224.0,2225.0,351
2021-06-15 13:02:00+05:30,2225.0,2225.0,2224.0,2224.050048828125,27
2021-06-15 13:03:00+05:30,2225.0,2225.0,2225.0,2225.0,1553
2021-06-15 13:04:00+05:30,2225.0,2225.0,2225.0,2225.0,153
2021-06-15 13:05:00+05:30,2225.0,2225.0,2224.0,2225.0,189
2021-06-15 13:06:00+05:30,2225.0,2228.949951171875,2225.0,2226.699951171875,41
2021-06-15 13:07:00+05:30,2226.699951171875,2226.699951171875,2226.60009765625,2226.699951171875,17
2021-06-15 13:08:00+05:30,2229.5,2229.699951171875,2225.64990234375,2225.64990234375,97
2021-06-15 13:09:00+05:30,2225.64990234375,2229.75,2225.64990234375,2229.75,70
2021-06-15 13:12:00+05:30,2227.14990234375,2227.14990234375,2227.14990234375,2227.14990234375,0
2021-06-15 13:13:00+05:30,2229.75,2229.75,2229.75,2229.75,15
2021-06-15 13:15:00+05:30,2227.550048828125,2229.949951171875,2227.550048828125,2229.949951171875,14
2021-06-15 13:16:00+05:30,2229.39990234375,2229.39990234375,2229.39990234375,2229.39990234375,35
2021-06-15 13:17:00+05:30,2229.949951171875,2229.949951171875,2229.949951171875,2229.949951171875,5
2021-06-15 13:18:00+05:30,2229.949951171875,2229.949951171875,2229.949951171875,2229.949951171875,29
2021-06-15 13:19:00+05:30,2227.949951171875,2227.949951171875,2227.0,2227.0,34
2021-06-15 13:20:00+05:30,2228.699951171875,2228.699951171875,2228.699951171875,2228.699951171875,0
2021-06-15 13:21:00+05:30,2229.89990234375,2229.89990234375,2229.89990234375,2229.89990234375,2
2021-06-15 13:22:00+05:30,2229.5,2229.5,2227.0,2227.0,203
2021-06-15 13:23:00+05:30,2227.199951171875,2227.199951171875,2227.199951171875,2227.199951171875,0
2021-06-15 13:24:00+05:30,2227.0,2227.0,2227.0,2227.0,135
2021-06-15 13:27:00+05:30,2228.89990234375,2228.89990234375,2228.89990234375,2228.89990234375,11
2021-06-15 13:28:00+05:30,2227.0,2227.0,2227.0,2227.0,0
2021-06-15 13:29:00+05:30,2227.949951171875,2227.949951171875,2227.949951171875,2227.949951171875,1
2021-06-15 13:31:00+05:30,2228.89990234375,2228.89990234375,2228.89990234375,2228.89990234375,24
2021-06-15 13:32:00+05:30,2228.89990234375,2228.89990234375,2228.89990234375,2228.89990234375,2
2021-06-15 13:33:00+05:30,2228.949951171875,2228.949951171875,2228.949951171875,2228.949951171875,10
2021-06-15 13:34:00+05:30,2228.949951171875,2228.949951171875,2228.949951171875,2228.949951171875,8
2021-06-15 13:35:00+05:30,2228.0,2228.0,2228.0,2228.0,15
2021-06-15 13:36:00+05:30,2228.949951171875,2228.949951171875,2228.949951171875,2228.949951171875,10
2021-06-15 13:38:00+05:30,2228.89990234375,2228.89990234375,2228.89990234375,2228.89990234375,15
2021-06-15 13:39:00+05:30,2228.0,2228.0,2228.0,2228.0,9
2021-06-15 13:40:00+05:30,2228.0,2228.0,2228.0,2228.0,18
2021-06-15 13:41:00+05:30,2228.0,2228.0,2228.0,2228.0,10
2021-06-15 13:43:00+05:30,2231.35009765625,2231.35009765625,2229.85009765625,2229.85009765625,137
2021-06-15 13:44:00+05:30,2228.050048828125,2228.050048828125,2228.050048828125,2228.050048828125,31
2021-06-15 13:45:00+05:30,2228.25,2233.14990234375,2228.25,2233.14990234375,78
2021-06-15 13:49:00+05:30,2230.0,2232.300048828125,2230.0,2230.0,7
2021-06-15 13:50:00+05:30,2229.0,2229.0,2229.0,2229.0,0
2021-06-15 13:52:00+05:30,2229.0,2229.0,2229.0,2229.0,62
2021-06-15 13:53:00+05:30,2229.0,2229.0,2229.0,2229.0,0
2021-06-15 13:57:00+05:30,2230.050048828125,2232.800048828125,2230.050048828125,2230.60009765625,109
2021-06-15 13:58:00+05:30,2232.800048828125,2232.800048828125,2232.800048828125,2232.800048828125,0
2021-06-15 13:59:00+05:30,2229.0,2229.0,2229.0,2229.0,138
2021-06-15 14:00:00+05:30,2231.75,2231.75,2231.75,2231.75,0
2021-06-15 14:01:00+05:30,2229.14990234375,2229.14990234375,2228.199951171875,2228.199951171875,35
2021-06-15 14:02:00+05:30,2228.199951171875,2228.199951171875,2228.10009765625,2228.14990234375,18
2021-06-15 14:07:00+05:30,2228.10009765625,2228.14990234375,2228.10009765625,2228.14990234375,20
2021-06-15 14:12:00+05:30,2230.0,2230.0,2230.0,2230.0,7
2021-06-15 14:13:00+05:30,2230.0,2230.0,2230.0,2230.0,0
2021-06-15 14:14:00+05:30,2230.0,2230.0,2230.0,2230.0,91
2021-06-15 14:15:00+05:30,2230.25,2230.25,2230.25,2230.25,0
2021-06-15 14:16:00+05:30,2230.0,2230.0,2230.0,2230.0,108
2021-06-15 14:17:00+05:30,2230.699951171875,2230.699951171875,2230.699951171875,2230.699951171875,0
2021-06-15 14:18:00+05:30,2230.0,2230.0,2230.0,2230.0,5
2021-06-15 14:19:00+05:30,2230.949951171875,2231.0,2228.550048828125,2228.550048828125,12
2021-06-15 14:21:00+05:30,2230.949951171875,2230.949951171875,2230.949951171875,2230.949951171875,1
2021-06-15 14:22:00+05:30,2230.949951171875,2230.949951171875,2230.949951171875,2230.949951171875,62
2021-06-15 14:23:00+05:30,2229.050048828125,2229.050048828125,2229.050048828125,2229.050048828125,0
2021-06-15 14:24:00+05:30,2231.0,2231.0,2231.0,2231.0,17
2021-06-15 14:25:00+05:30,2231.0,2231.0,2231.0,2231.0,0
2021-06-15 14:26:00+05:30,2231.0,2231.0,2231.0,2231.0,28
2021-06-15 14:28:00+05:30,2233.14990234375,2234.35009765625,2233.0,2233.0,106
2021-06-15 14:29:00+05:30,2233.0,2234.699951171875,2230.550048828125,2230.550048828125,125
2021-06-15 14:30:00+05:30,2230.550048828125,2230.550048828125,2230.550048828125,2230.550048828125,3
2021-06-15 14:32:00+05:30,2230.550048828125,2230.550048828125,2230.550048828125,2230.550048828125,21
2021-06-15 14:36:00+05:30,2233.89990234375,2233.89990234375,2233.89990234375,2233.89990234375,0
2021-06-15 14:38:00+05:30,2233.949951171875,2233.949951171875,2231.10009765625,2231.10009765625,19
2021-06-15 14:40:00+05:30,2233.449951171875,2233.5,2233.449951171875,2233.5,0
2021-06-15 14:41:00+05:30,2231.0,2231.0,2230.10009765625,2230.10009765625,41
2021-06-15 14:43:00+05:30,2230.050048828125,2234.10009765625,2230.050048828125,2234.10009765625,183
2021-06-15 14:44:00+05:30,2231.550048828125,2231.550048828125,2231.550048828125,2231.550048828125,0
2021-06-15 14:45:00+05:30,2233.0,2233.0,2233.0,2233.0,10
2021-06-15 14:46:00+05:30,2231.300048828125,2231.300048828125,2231.300048828125,2231.300048828125,18
2021-06-15 14:47:00+05:30,2231.300048828125,2231.300048828125,2231.25,2231.25,2
2021-06-15 14:48:00+05:30,2229.64990234375,2231.89990234375,2229.64990234375,2231.89990234375,305
2021-06-15 14:49:00+05:30,2229.25,2231.949951171875,2228.699951171875,2228.699951171875,73
2021-06-15 14:50:00+05:30,2230.449951171875,2230.449951171875,2230.449951171875,2230.449951171875,1
2021-06-15 14:51:00+05:30,2228.0,2229.75,2228.0,2228.0,49
2021-06-15 14:52:00+05:30,2228.0,2229.85009765625,2228.0,2228.0,14
2021-06-15 14:53:00+05:30,2227.050048828125,2227.050048828125,2227.0,2227.0,21
2021-06-15 14:54:00+05:30,2229.050048828125,2229.050048828125,2225.64990234375,2225.699951171875,24
2021-06-15 14:56:00+05:30,2228.949951171875,2228.949951171875,2226.449951171875,2226.449951171875,6
2021-06-15 14:58:00+05:30,2229.050048828125,2229.800048828125,2229.050048828125,2229.800048828125,5
2021-06-15 14:59:00+05:30,2229.800048828125,2229.800048828125,2226.300048828125,2226.300048828125,2
2021-06-15 15:00:00+05:30,2229.050048828125,2229.949951171875,2229.050048828125,2229.75,103
2021-06-15 15:01:00+05:30,2229.949951171875,2229.949951171875,2227.699951171875,2227.699951171875,22
2021-06-15 15:02:00+05:30,2228.699951171875,2229.5,2228.699951171875,2229.5,1
2021-06-15 15:03:00+05:30,2229.199951171875,2229.199951171875,2229.199951171875,2229.199951171875,1
2021-06-15 15:04:00+05:30,2229.5,2229.5,2228.0,2228.0,11
2021-06-15 15:05:00+05:30,2226.699951171875,2229.949951171875,2226.699951171875,2229.949951171875,43
2021-06-15 15:06:00+05:30,2229.25,2229.699951171875,2226.25,2226.25,23
2021-06-15 15:07:00+05:30,2228.85009765625,2228.85009765625,2226.0,2226.0,27
2021-06-15 15:08:00+05:30,2225.949951171875,2227.64990234375,2225.550048828125,2226.35009765625,124
2021-06-15 15:09:00+05:30,2226.300048828125,2226.39990234375,2225.199951171875,2225.199951171875,25
2021-06-15 15:10:00+05:30,2226.199951171875,2226.199951171875,2221.25,2221.25,326
2021-06-15 15:11:00+05:30,2223.949951171875,2223.949951171875,2223.949951171875,2223.949951171875,17
2021-06-15 15:12:00+05:30,2223.949951171875,2240.14990234375,2223.949951171875,2240.14990234375,1103
2021-06-15 15:13:00+05:30,2230.050048828125,2234.85009765625,2230.050048828125,2231.60009765625,103
2021-06-15 15:14:00+05:30,2232.5,2232.5,2230.0,2230.0,88
2021-06-15 15:15:00+05:30,2233.0,2233.0,2230.0,2230.0,271
2021-06-15 15:16:00+05:30,2230.0,2232.64990234375,2230.0,2232.64990234375,0
2021-06-15 15:17:00+05:30,2232.64990234375,2232.64990234375,2232.5,2232.5,40
2021-06-15 15:18:00+05:30,2230.10009765625,2232.550048828125,2230.0,2232.550048828125,75
2021-06-15 15:20:00+05:30,2232.449951171875,2232.449951171875,2232.449951171875,2232.449951171875,19
2021-06-15 15:21:00+05:30,2232.0,2235.050048828125,2230.0,2233.550048828125,812
2021-06-15 15:22:00+05:30,2233.64990234375,2233.64990234375,2233.550048828125,2233.550048828125,40
2021-06-15 15:23:00+05:30,2233.050048828125,2233.050048828125,2230.10009765625,2230.10009765625,80
2021-06-15 15:24:00+05:30,2230.10009765625,2233.0,2230.10009765625,2233.0,58
2021-06-15 15:25:00+05:30,2233.64990234375,2233.64990234375,2233.0,2233.0,0
2021-06-15 15:26:00+05:30,2231.14990234375,2234.949951171875,2231.14990234375,2234.35009765625,399
2021-06-15 15:27:00+05:30,2239.550048828125,2239.75,2238.25,2239.64990234375,13
2021-06-15 15:28:00+05:30,2235.64990234375,2235.64990234375,2230.10009765625,2233.800048828125,90
2021-06-15 15:29:00+05:30,2230.0,2236.5,2230.0,2232.550048828125,13
2021-06-16 09:15:00+05:30,2243.75,2249.949951171875,2236.14990234375,2236.14990234375,105
2021-06-16 09:16:00+05:30,2236.14990234375,2236.14990234375,2236.14990234375,2236.14990234375,3
2021-06-16 09:17:00+05:30,2232.0,2236.5,2232.0,2233.0,101
2021-06-16 09:18:00+05:30,2230.0,2234.949951171875,2230.0,2234.949951171875,120
2021-06-16 09:19:00+05:30,2231.449951171875,2237.949951171875,2231.0,2237.949951171875,63
2021-06-16 09:20:00+05:30,2238.0,2239.949951171875,2235.35009765625,2235.35009765625,28
2021-06-16 09:21:00+05:30,2235.0,2235.0,2230.60009765625,2230.60009765625,3
2021-06-16 09:22:00+05:30,2230.0,2230.0,2227.550048828125,2227.550048828125,168
2021-06-16 09:23:00+05:30,2231.14990234375,2232.0,2231.14990234375,2232.0,102
2021-06-16 09:24:00+05:30,2232.14990234375,2238.0,2232.14990234375,2234.85009765625,126
2021-06-16 09:26:00+05:30,2237.949951171875,2237.949951171875,2237.949951171875,2237.949951171875,1
2021-06-16 09:27:00+05:30,2237.89990234375,2237.89990234375,2237.89990234375,2237.89990234375,15
2021-06-16 09:28:00+05:30,2237.85009765625,2237.85009765625,2237.85009765625,2237.85009765625,59
2021-06-16 09:29:00+05:30,2235.300048828125,2235.300048828125,2231.300048828125,2231.300048828125,60
2021-06-16 09:31:00+05:30,2234.10009765625,2234.10009765625,2234.10009765625,2234.10009765625,47
2021-06-16 09:33:00+05:30,2233.0,2233.0,2233.0,2233.0,1
2021-06-16 09:34:00+05:30,2233.0,2233.0,2233.0,2233.0,2
2021-06-16 09:35:00+05:30,2232.89990234375,2232.89990234375,2232.85009765625,2232.85009765625,41
2021-06-16 09:36:00+05:30,2233.0,2233.0,2233.0,2233.0,36
2021-06-16 09:37:00+05:30,2232.35009765625,2232.35009765625,2232.35009765625,2232.35009765625,15
2021-06-16 09:38:00+05:30,2233.949951171875,2233.949951171875,2233.949951171875,2233.949951171875,4
2021-06-16 09:39:00+05:30,2233.89990234375,2233.89990234375,2233.89990234375,2233.89990234375,2
2021-06-16 09:40:00+05:30,2233.949951171875,2233.949951171875,2233.949951171875,2233.949951171875,8
2021-06-16 09:41:00+05:30,2233.949951171875,2233.949951171875,2233.949951171875,2233.949951171875,0
2021-06-16 09:43:00+05:30,2233.949951171875,2233.949951171875,2233.949951171875,2233.949951171875,5
2021-06-16 09:44:00+05:30,2233.949951171875,2233.949951171875,2233.949951171875,2233.949951171875,7
2021-06-16 09:46:00+05:30,2233.949951171875,2233.949951171875,2233.949951171875,2233.949951171875,13
2021-06-16 09:47:00+05:30,2233.949951171875,2233.949951171875,2232.0,2232.0,9
2021-06-16 09:48:00+05:30,2232.0,2233.949951171875,2232.0,2233.949951171875,9
2021-06-16 09:50:00+05:30,2233.0,2233.0,2233.0,2233.0,0
2021-06-16 09:51:00+05:30,2234.5,2234.5,2232.0,2232.050048828125,115
2021-06-16 09:52:00+05:30,2232.050048828125,2232.050048828125,2228.64990234375,2228.64990234375,127
2021-06-16 09:53:00+05:30,2228.64990234375,2228.64990234375,2227.5,2227.5,185
2021-06-16 09:54:00+05:30,2225.0,2225.0,2225.0,2225.0,0
2021-06-16 09:55:00+05:30,2228.64990234375,2228.64990234375,2228.64990234375,2228.64990234375,1
2021-06-16 09:58:00+05:30,2228.64990234375,2229.0,2228.64990234375,2229.0,76
2021-06-16 10:02:00+05:30,2227.0,2227.0,2227.0,2227.0,0
2021-06-16 10:03:00+05:30,2227.0,2227.0,2225.0,2225.0,25
2021-06-16 10:04:00+05:30,2225.0,2225.0,2225.0,2225.0,75
2021-06-16 10:05:00+05:30,2224.0,2224.0,2224.0,2224.0,4
2021-06-16 10:10:00+05:30,2222.050048828125,2222.050048828125,2221.0,2221.0,29
2021-06-16 10:11:00+05:30,2221.0,2221.0,2221.0,2221.0,9
2021-06-16 10:12:00+05:30,2220.0,2220.0,2218.949951171875,2218.949951171875,13
2021-06-16 10:13:00+05:30,2218.949951171875,2218.949951171875,2218.949951171875,2218.949951171875,15
2021-06-16 10:14:00+05:30,2218.949951171875,2218.949951171875,2218.949951171875,2218.949951171875,193
2021-06-16 10:15:00+05:30,2218.949951171875,2218.949951171875,2214.0,2214.449951171875,0
2021-06-16 10:16:00+05:30,2214.449951171875,2216.050048828125,2214.449951171875,2216.050048828125,155
2021-06-16 10:19:00+05:30,2217.0,2217.0,2217.0,2217.0,8
2021-06-16 10:20:00+05:30,2217.0,2217.0,2217.0,2217.0,15
2021-06-16 10:22:00+05:30,2217.0,2219.050048828125,2217.0,2219.050048828125,0
2021-06-16 10:24:00+05:30,2219.0,2219.0,2219.0,2219.0,8
2021-06-16 10:25:00+05:30,2219.0,2219.0,2219.0,2219.0,116
2021-06-16 10:26:00+05:30,2222.0,2222.0,2218.0,2218.0,231
2021-06-16 10:27:00+05:30,2222.0,2222.0,2222.0,2222.0,0
2021-06-16 10:28:00+05:30,2224.14990234375,2226.5,2219.300048828125,2219.300048828125,281
2021-06-16 10:29:00+05:30,2220.0,2220.0,2217.0,2217.0,19
2021-06-16 10:31:00+05:30,2218.60009765625,2218.60009765625,2218.60009765625,2218.60009765625,165
2021-06-16 10:33:00+05:30,2215.14990234375,2215.14990234375,2215.14990234375,2215.14990234375,3
2021-06-16 10:34:00+05:30,2215.14990234375,2215.14990234375,2215.14990234375,2215.14990234375,4
2021-06-16 10:35:00+05:30,2217.75,2217.89990234375,2217.75,2217.89990234375,9
2021-06-16 10:36:00+05:30,2215.199951171875,2215.199951171875,2215.199951171875,2215.199951171875,2
2021-06-16 10:37:00+05:30,2217.89990234375,2217.89990234375,2215.300048828125,2215.300048828125,6
2021-06-16 10:38:00+05:30,2217.89990234375,2218.0,2217.89990234375,2218.0,31
2021-06-16 10:39:00+05:30,2219.949951171875,2224.0,2219.949951171875,2224.0,69
2021-06-16 10:43:00+05:30,2218.0,2218.0,2216.75,2216.75,23
2021-06-16 10:46:00+05:30,2218.449951171875,2218.449951171875,2213.0,2213.14990234375,165
2021-06-16 10:47:00+05:30,2217.550048828125,2220.449951171875,2217.550048828125,2220.449951171875,26
2021-06-16 10:50:00+05:30,2220.0,2220.85009765625,2220.0,2220.85009765625,27
2021-06-16 10:52:00+05:30,2218.0,2219.14990234375,2214.0,2214.0,50
2021-06-16 10:53:00+05:30,2217.199951171875,2217.199951171875,2207.64990234375,2207.64990234375,500
2021-06-16 10:54:00+05:30,2210.550048828125,2210.550048828125,2210.0,2210.0,31
2021-06-16 10:55:00+05:30,2210.0,2212.14990234375,2210.0,2212.14990234375,84
2021-06-16 10:56:00+05:30,2207.949951171875,2208.5,2207.300048828125,2208.5,11
2021-06-16 10:57:00+05:30,2208.5,2211.5,2208.199951171875,2208.199951171875,29
2021-06-16 10:59:00+05:30,2211.050048828125,2211.050048828125,2211.050048828125,2211.050048828125,17
2021-06-16 11:00:00+05:30,2211.050048828125,2211.050048828125,2211.050048828125,2211.050048828125,0
2021-06-16 11:02:00+05:30,2209.5,2209.5,2209.5,2209.5,1
2021-06-16 11:04:00+05:30,2209.0,2211.050048828125,2209.0,2211.050048828125,31
2021-06-16 11:06:00+05:30,2209.25,2209.25,2209.25,2209.25,73
2021-06-16 11:09:00+05:30,2212.60009765625,2215.0,2212.60009765625,2213.75,52
2021-06-16 11:10:00+05:30,2211.10009765625,2211.10009765625,2211.10009765625,2211.10009765625,39
2021-06-16 11:13:00+05:30,2211.0,2211.0,2208.0,2208.0,157
2021-06-16 11:14:00+05:30,2208.0,2208.0,2207.14990234375,2207.14990234375,101
2021-06-16 11:15:00+05:30,2208.949951171875,2210.0,2206.800048828125,2210.0,34
2021-06-16 11:17:00+05:30,2205.0,2205.5,2205.0,2205.5,107
2021-06-16 11:18:00+05:30,2205.0,2205.0,2203.949951171875,2203.949951171875,159
2021-06-16 11:19:00+05:30,2203.949951171875,2204.0,2203.949951171875,2204.0,41
2021-06-16 11:21:00+05:30,2205.89990234375,2205.89990234375,2204.0,2205.89990234375,26
2021-06-16 11:22:00+05:30,2205.89990234375,2205.89990234375,2205.89990234375,2205.89990234375,26
2021-06-16 11:23:00+05:30,2209.800048828125,2210.85009765625,2209.800048828125,2210.449951171875,12
2021-06-16 11:24:00+05:30,2209.0,2209.0,2209.0,2209.0,3
2021-06-16 11:26:00+05:30,2205.89990234375,2206.0,2202.199951171875,2202.199951171875,185
2021-06-16 11:27:00+05:30,2201.14990234375,2206.0,2201.14990234375,2206.0,90
2021-06-16 11:28:00+05:30,2208.5,2208.5,2208.5,2208.5,149
2021-06-16 11:29:00+05:30,2208.0,2208.0,2207.949951171875,2207.949951171875,14
2021-06-16 11:33:00+05:30,2206.0,2206.0,2205.10009765625,2205.10009765625,85
2021-06-16 11:34:00+05:30,2205.0,2206.0,2205.0,2206.0,61
2021-06-16 11:36:00+05:30,2205.0,2207.449951171875,2205.0,2207.449951171875,48
2021-06-16 11:37:00+05:30,2207.449951171875,2208.60009765625,2207.449951171875,2208.60009765625,0
2021-06-16 11:38:00+05:30,2208.60009765625,2208.60009765625,2208.60009765625,2208.60009765625,3
2021-06-16 11:39:00+05:30,2207.449951171875,2207.449951171875,2207.449951171875,2207.449951171875,5
2021-06-16 11:41:00+05:30,2207.449951171875,2207.449951171875,2207.449951171875,2207.449951171875,5
2021-06-16 11:42:00+05:30,2207.449951171875,2207.449951171875,2206.64990234375,2206.64990234375,52
2021-06-16 11:43:00+05:30,2206.25,2206.25,2206.25,2206.25,0
2021-06-16 11:44:00+05:30,2205.10009765625,2205.10009765625,2205.10009765625,2205.10009765625,0
2021-06-16 11:45:00+05:30,2207.050048828125,2207.050048828125,2207.050048828125,2207.050048828125,243
2021-06-16 11:46:00+05:30,2214.89990234375,2214.89990234375,2214.89990234375,2214.89990234375,35
2021-06-16 11:47:00+05:30,2214.89990234375,2214.89990234375,2213.89990234375,2213.89990234375,11
2021-06-16 11:48:00+05:30,2214.0,2221.25,2214.0,2215.60009765625,239
2021-06-16 11:50:00+05:30,2215.949951171875,2215.949951171875,2215.89990234375,2215.89990234375,16
2021-06-16 11:51:00+05:30,2215.89990234375,2215.89990234375,2215.89990234375,2215.89990234375,0
2021-06-16 11:53:00+05:30,2215.89990234375,2221.75,2215.89990234375,2221.75,78
2021-06-16 11:54:00+05:30,2222.35009765625,2222.35009765625,2222.35009765625,2222.35009765625,4
2021-06-16 11:55:00+05:30,2222.5,2222.5,2222.0,2222.0,55
2021-06-16 11:58:00+05:30,2219.0,2219.0,2219.0,2219.0,1
2021-06-16 11:59:00+05:30,2219.0,2219.0,2218.949951171875,2218.949951171875,8
2021-06-16 12:00:00+05:30,2215.0,2215.0,2215.0,2215.0,2
2021-06-16 12:01:00+05:30,2215.0,2215.0,2215.0,2215.0,9
2021-06-16 12:02:00+05:30,2215.0,2215.0,2215.0,2215.0,36
2021-06-16 12:03:00+05:30,2216.449951171875,2216.449951171875,2216.449951171875,2216.449951171875,1
2021-06-16 12:04:00+05:30,2215.0,2215.0,2215.0,2215.0,9
2021-06-16 12:06:00+05:30,2212.89990234375,2212.89990234375,2212.89990234375,2212.89990234375,5
2021-06-16 12:09:00+05:30,2210.949951171875,2214.199951171875,2210.949951171875,2214.199951171875,21
2021-06-16 12:12:00+05:30,2208.64990234375,2209.0,2208.64990234375,2209.0,63
2021-06-16 12:13:00+05:30,2213.10009765625,2213.10009765625,2213.10009765625,2213.10009765625,0
2021-06-16 12:14:00+05:30,2209.0,2209.0,2209.0,2209.0,104
2021-06-16 12:15:00+05:30,2207.75,2207.75,2207.75,2207.75,48
2021-06-16 12:16:00+05:30,2211.800048828125,2211.800048828125,2211.800048828125,2211.800048828125,15
2021-06-16 12:19:00+05:30,2214.25,2214.25,2214.25,2214.25,27
2021-06-16 12:22:00+05:30,2212.699951171875,2212.699951171875,2212.699951171875,2212.699951171875,11
2021-06-16 12:25:00+05:30,2216.0,2216.0,2216.0,2216.0,113
2021-06-16 12:29:00+05:30,2212.0,2212.0,2212.0,2212.0,9
2021-06-16 12:30:00+05:30,2210.0,2212.0,2210.0,2212.0,34
2021-06-16 12:33:00+05:30,2212.0,2219.199951171875,2212.0,2219.199951171875,129
2021-06-16 12:35:00+05:30,2212.5,2212.5,2212.5,2212.5,5
2021-06-16 12:37:00+05:30,2213.75,2213.75,2211.199951171875,2211.199951171875,2
2021-06-16 12:39:00+05:30,2213.25,2213.25,2213.25,2213.25,10
2021-06-16 12:43:00+05:30,2210.5,2210.5,2210.5,2210.5,0
2021-06-16 12:45:00+05:30,2210.199951171875,2210.199951171875,2210.199951171875,2210.199951171875,10
2021-06-16 12:46:00+05:30,2210.050048828125,2210.050048828125,2210.050048828125,2210.050048828125,5
2021-06-16 12:47:00+05:30,2211.60009765625,2211.60009765625,2211.60009765625,2211.60009765625,0
2021-06-16 12:48:00+05:30,2210.0,2210.0,2207.050048828125,2207.050048828125,32
2021-06-16 12:49:00+05:30,2207.050048828125,2208.0,2207.0,2207.0,88
2021-06-16 12:50:00+05:30,2208.0,2208.0,2208.0,2208.0,0
2021-06-16 12:51:00+05:30,2207.050048828125,2207.050048828125,2207.050048828125,2207.050048828125,2
2021-06-16 12:52:00+05:30,2208.0,2208.0,2207.0,2207.0,263
2021-06-16 12:53:00+05:30,2205.0,2205.75,2204.0,2205.75,394
2021-06-16 12:56:00+05:30,2206.550048828125,2206.550048828125,2206.449951171875,2206.550048828125,30
2021-06-16 12:58:00+05:30,2205.0,2205.0,2205.0,2205.0,0
2021-06-16 12:59:00+05:30,2206.5,2206.550048828125,2206.5,2206.550048828125,8
2021-06-16 13:00:00+05:30,2206.550048828125,2206.550048828125,2206.550048828125,2206.550048828125,5
2021-06-16 13:02:00+05:30,2206.550048828125,2206.550048828125,2206.550048828125,2206.550048828125,6
2021-06-16 13:03:00+05:30,2206.550048828125,2206.550048828125,2205.0,2205.0,7
2021-06-16 13:04:00+05:30,2204.199951171875,2204.199951171875,2204.199951171875,2204.199951171875,1
2021-06-16 13:05:00+05:30,2204.199951171875,2205.0,2204.199951171875,2205.0,28
2021-06-16 13:06:00+05:30,2205.0,2205.0,2205.0,2205.0,0
2021-06-16 13:07:00+05:30,2205.0,2205.0,2205.0,2205.0,28
2021-06-16 13:09:00+05:30,2204.199951171875,2204.199951171875,2204.199951171875,2204.199951171875,88
2021-06-16 13:10:00+05:30,2205.0,2205.0,2205.0,2205.0,0
2021-06-16 13:11:00+05:30,2207.64990234375,2207.64990234375,2207.64990234375,2207.64990234375,33
2021-06-16 13:12:00+05:30,2206.550048828125,2206.550048828125,2206.550048828125,2206.550048828125,0
2021-06-16 13:13:00+05:30,2206.550048828125,2206.550048828125,2206.550048828125,2206.550048828125,1
2021-06-16 13:14:00+05:30,2206.550048828125,2206.550048828125,2206.550048828125,2206.550048828125,9
2021-06-16 13:16:00+05:30,2206.550048828125,2206.550048828125,2206.550048828125,2206.550048828125,15
2021-06-16 13:17:00+05:30,2208.0,2208.0,2208.0,2208.0,87
2021-06-16 13:18:00+05:30,2208.699951171875,2208.699951171875,2208.699951171875,2208.699951171875,0
2021-06-16 13:19:00+05:30,2212.449951171875,2212.5,2212.449951171875,2212.5,3
2021-06-16 13:21:00+05:30,2212.5,2212.5,2212.5,2212.5,1
2021-06-16 13:24:00+05:30,2210.0,2210.0,2210.0,2210.0,5
2021-06-16 13:25:00+05:30,2212.449951171875,2212.449951171875,2212.449951171875,2212.449951171875,7
2021-06-16 13:27:00+05:30,2212.449951171875,2212.449951171875,2212.449951171875,2212.449951171875,16
2021-06-16 13:28:00+05:30,2212.39990234375,2212.39990234375,2212.39990234375,2212.39990234375,0
2021-06-16 13:29:00+05:30,2212.35009765625,2212.35009765625,2212.35009765625,2212.35009765625,9
2021-06-16 13:32:00+05:30,2210.0,2210.0,2207.0,2207.0,55
2021-06-16 13:33:00+05:30,2206.60009765625,2207.0,2206.60009765625,2207.0,49
2021-06-16 13:38:00+05:30,2205.050048828125,2205.050048828125,2205.0,2205.0,13
2021-06-16 13:40:00+05:30,2207.0,2207.0,2207.0,2207.0,28
2021-06-16 13:41:00+05:30,2207.0,2207.0,2207.0,2207.0,19
2021-06-16 13:42:00+05:30,2207.0,2207.0,2207.0,2207.0,0
2021-06-16 13:44:00+05:30,2207.0,2209.0,2207.0,2209.0,18
2021-06-16 13:46:00+05:30,2207.0,2208.699951171875,2205.0,2205.0,19
2021-06-16 13:47:00+05:30,2207.85009765625,2207.85009765625,2207.85009765625,2207.85009765625,24
2021-06-16 13:52:00+05:30,2209.10009765625,2209.10009765625,2209.10009765625,2209.10009765625,4
2021-06-16 13:54:00+05:30,2209.050048828125,2209.050048828125,2209.050048828125,2209.050048828125,4
2021-06-16 13:56:00+05:30,2205.0,2208.199951171875,2205.0,2208.199951171875,35
2021-06-16 13:57:00+05:30,2208.0,2208.0,2208.0,2208.0,29
2021-06-16 13:59:00+05:30,2208.25,2208.25,2208.25,2208.25,0
2021-06-16 14:00:00+05:30,2205.25,2208.0,2205.25,2208.0,60
2021-06-16 14:02:00+05:30,2208.050048828125,2208.050048828125,2208.050048828125,2208.050048828125,30
2021-06-16 14:05:00+05:30,2205.64990234375,2205.64990234375,2205.64990234375,2205.64990234375,0
2021-06-16 14:07:00+05:30,2208.449951171875,2208.449951171875,2208.39990234375,2208.39990234375,11
2021-06-16 14:08:00+05:30,2208.39990234375,2208.39990234375,2208.39990234375,2208.39990234375,1
2021-06-16 14:10:00+05:30,2208.39990234375,2208.39990234375,2208.39990234375,2208.39990234375,11
2021-06-16 14:11:00+05:30,2208.39990234375,2208.39990234375,2208.39990234375,2208.39990234375,2
2021-06-16 14:13:00+05:30,2208.39990234375,2208.39990234375,2208.39990234375,2208.39990234375,15
2021-06-16 14:14:00+05:30,2208.5,2208.5,2208.5,2208.5,6
2021-06-16 14:15:00+05:30,2205.199951171875,2208.449951171875,2205.0,2207.75,54
2021-06-16 14:17:00+05:30,2207.85009765625,2207.85009765625,2207.85009765625,2207.85009765625,17
2021-06-16 14:19:00+05:30,2206.050048828125,2206.050048828125,2206.050048828125,2206.050048828125,2
2021-06-16 14:20:00+05:30,2208.5,2210.0,2208.5,2210.0,161
2021-06-16 14:21:00+05:30,2210.0,2210.0,2210.0,2210.0,0
2021-06-16 14:22:00+05:30,2210.0,2210.0,2210.0,2210.0,0
2021-06-16 14:23:00+05:30,2212.39990234375,2214.10009765625,2212.39990234375,2214.10009765625,32
2021-06-16 14:24:00+05:30,2212.64990234375,2212.64990234375,2212.64990234375,2212.64990234375,1
2021-06-16 14:28:00+05:30,2212.0,2212.0,2212.0,2212.0,24
2021-06-16 14:29:00+05:30,2212.0,2212.0,2212.0,2212.0,120
2021-06-16 14:31:00+05:30,2210.699951171875,2210.699951171875,2210.699951171875,2210.699951171875,0
2021-06-16 14:32:00+05:30,2208.0,2208.300048828125,2208.0,2208.300048828125,17
2021-06-16 14:34:00+05:30,2208.300048828125,2210.949951171875,2208.300048828125,2210.949951171875,46
2021-06-16 14:37:00+05:30,2211.949951171875,2211.949951171875,2208.949951171875,2208.949951171875,0
2021-06-16 14:40:00+05:30,2211.949951171875,2211.949951171875,2211.949951171875,2211.949951171875,13
2021-06-16 14:45:00+05:30,2209.0,2211.949951171875,2209.0,2211.949951171875,0
2021-06-16 14:47:00+05:30,2211.949951171875,2211.949951171875,2211.949951171875,2211.949951171875,2
2021-06-16 14:50:00+05:30,2209.39990234375,2209.39990234375,2209.39990234375,2209.39990234375,10
2021-06-16 14:52:00+05:30,2208.300048828125,2209.89990234375,2208.300048828125,2209.89990234375,21
2021-06-16 14:53:00+05:30,2208.300048828125,2208.300048828125,2205.0,2206.0,445
2021-06-16 14:54:00+05:30,2205.0,2210.0,2205.0,2210.0,165
2021-06-16 14:55:00+05:30,2211.699951171875,2211.89990234375,2211.0,2211.0,61
2021-06-16 14:56:00+05:30,2210.0,2210.0,2210.0,2210.0,65
2021-06-16 14:57:00+05:30,2210.0,2210.0,2210.0,2210.0,90
2021-06-16 15:00:00+05:30,2210.0,2212.0,2210.0,2212.0,228
2021-06-16 15:01:00+05:30,2214.0,2215.0,2214.0,2215.0,359
2021-06-16 15:02:00+05:30,2213.699951171875,2213.699951171875,2213.699951171875,2213.699951171875,0
2021-06-16 15:03:00+05:30,2210.0,2212.39990234375,2210.0,2212.39990234375,11
2021-06-16 15:04:00+05:30,2212.449951171875,2212.449951171875,2212.449951171875,2212.449951171875,2
2021-06-16 15:05:00+05:30,2212.5,2212.5,2212.199951171875,2212.199951171875,14
2021-06-16 15:06:00+05:30,2212.35009765625,2212.35009765625,2211.949951171875,2211.949951171875,7
2021-06-16 15:07:00+05:30,2211.0,2211.0,2211.0,2211.0,25
2021-06-16 15:08:00+05:30,2212.85009765625,2214.0,2212.85009765625,2213.949951171875,63
2021-06-16 15:11:00+05:30,2215.0,2215.0,2212.10009765625,2212.10009765625,473
2021-06-16 15:13:00+05:30,2210.25,2210.25,2210.25,2210.25,34
2021-06-16 15:14:00+05:30,2210.10009765625,2210.10009765625,2209.10009765625,2209.10009765625,91
2021-06-16 15:15:00+05:30,2208.0,2208.0,2206.0,2206.0,75
2021-06-16 15:16:00+05:30,2205.050048828125,2205.050048828125,2205.0,2205.0,169
2021-06-16 15:17:00+05:30,2206.0,2209.39990234375,2205.10009765625,2205.10009765625,47
2021-06-16 15:18:00+05:30,2209.39990234375,2209.85009765625,2205.0,2205.0,194
2021-06-16 15:19:00+05:30,2208.199951171875,2208.199951171875,2208.0,2208.0,57
2021-06-16 15:20:00+05:30,2207.050048828125,2207.050048828125,2207.050048828125,2207.050048828125,0
2021-06-16 15:21:00+05:30,2207.050048828125,2209.0,2207.050048828125,2209.0,23
2021-06-16 15:22:00+05:30,2208.75,2208.75,2207.0,2207.0,100
2021-06-16 15:23:00+05:30,2207.0,2208.550048828125,2205.0,2205.0,106
2021-06-16 15:24:00+05:30,2205.10009765625,2205.10009765625,2205.10009765625,2205.10009765625,26
2021-06-16 15:25:00+05:30,2204.949951171875,2204.949951171875,2201.0,2202.85009765625,470
2021-06-16 15:26:00+05:30,2203.0,2203.0,2203.0,2203.0,24
2021-06-16 15:27:00+05:30,2201.14990234375,2202.949951171875,2201.14990234375,2202.949951171875,66
2021-06-16 15:28:00+05:30,2202.89990234375,2203.0,2202.89990234375,2202.89990234375,150
2021-06-16 15:29:00+05:30,2207.949951171875,2208.39990234375,2204.0,2208.39990234375,117
2021-06-18 09:15:00+05:30,2232.0,2232.0,2222.5,2222.5,127
2021-06-18 09:16:00+05:30,2224.5,2231.949951171875,2224.5,2231.949951171875,49
2021-06-18 09:17:00+05:30,2229.050048828125,2229.050048828125,2222.199951171875,2222.25,274
2021-06-18 09:18:00+05:30,2222.25,2222.25,2222.199951171875,2222.199951171875,15
2021-06-18 09:19:00+05:30,2222.199951171875,2225.550048828125,2222.199951171875,2222.199951171875,39
2021-06-18 09:20:00+05:30,2222.199951171875,2222.199951171875,2216.300048828125,2216.300048828125,82
2021-06-18 09:21:00+05:30,2216.300048828125,2216.300048828125,2211.699951171875,2211.699951171875,71
2021-06-18 09:22:00+05:30,2211.699951171875,2213.949951171875,2205.10009765625,2213.949951171875,122
2021-06-18 09:23:00+05:30,2211.300048828125,2212.0,2209.699951171875,2212.0,37
2021-06-18 09:24:00+05:30,2212.0,2223.85009765625,2210.10009765625,2223.85009765625,26
2021-06-18 09:25:00+05:30,2216.25,2218.14990234375,2214.800048828125,2214.800048828125,8
2021-06-18 09:26:00+05:30,2220.699951171875,2220.699951171875,2214.800048828125,2217.39990234375,38
2021-06-18 09:27:00+05:30,2215.5,2215.800048828125,2210.0,2210.0,65
2021-06-18 09:28:00+05:30,2210.0,2213.949951171875,2210.0,2210.050048828125,67
2021-06-18 09:29:00+05:30,2210.0,2211.0,2210.0,2211.0,27
2021-06-18 09:30:00+05:30,2211.0,2213.0,2211.0,2213.0,37
2021-06-18 09:32:00+05:30,2219.949951171875,2219.949951171875,2219.949951171875,2219.949951171875,84
2021-06-18 09:33:00+05:30,2225.0,2225.699951171875,2219.60009765625,2219.60009765625,0
2021-06-18 09:34:00+05:30,2219.35009765625,2219.35009765625,2219.300048828125,2219.300048828125,5
2021-06-18 09:35:00+05:30,2219.0,2219.0,2217.0,2217.0,31
2021-06-18 09:36:00+05:30,2217.0,2219.75,2212.85009765625,2212.85009765625,30
2021-06-18 09:37:00+05:30,2211.300048828125,2216.35009765625,2211.300048828125,2211.35009765625,9
2021-06-18 09:38:00+05:30,2212.25,2215.550048828125,2211.300048828125,2215.550048828125,27
2021-06-18 09:39:00+05:30,2211.300048828125,2214.60009765625,2211.300048828125,2214.35009765625,7
2021-06-18 09:40:00+05:30,2211.35009765625,2211.800048828125,2211.35009765625,2211.35009765625,3
2021-06-18 09:41:00+05:30,2211.300048828125,2211.300048828125,2211.300048828125,2211.300048828125,8
2021-06-18 09:42:00+05:30,2211.35009765625,2211.35009765625,2211.35009765625,2211.35009765625,1
2021-06-18 09:43:00+05:30,2211.35009765625,2211.35009765625,2211.35009765625,2211.35009765625,2
2021-06-18 09:44:00+05:30,2211.300048828125,2211.5,2210.0,2210.0,55
2021-06-18 09:45:00+05:30,2211.5,2215.0,2211.5,2213.64990234375,10
2021-06-18 09:46:00+05:30,2213.39990234375,2213.39990234375,2210.0,2210.0,46
2021-06-18 09:47:00+05:30,2210.0,2210.050048828125,2210.0,2210.050048828125,2
2021-06-18 09:48:00+05:30,2212.14990234375,2212.14990234375,2210.0,2210.0,121
2021-06-18 09:49:00+05:30,2211.25,2211.25,2211.25,2211.25,40
2021-06-18 09:50:00+05:30,2210.0,2210.0,2210.0,2210.0,0
2021-06-18 09:51:00+05:30,2214.300048828125,2214.300048828125,2210.0,2210.0,42
2021-06-18 09:52:00+05:30,2210.0,2210.0,2210.0,2210.0,7
2021-06-18 09:53:00+05:30,2210.0,2212.699951171875,2210.0,2212.699951171875,11
2021-06-18 09:54:00+05:30,2213.050048828125,2213.050048828125,2210.0,2210.0,12
2021-06-18 09:55:00+05:30,2210.0,2210.0,2210.0,2210.0,82
2021-06-18 09:56:00+05:30,2210.0,2210.0,2210.0,2210.0,109
2021-06-18 09:57:00+05:30,2206.5,2206.5,2205.0,2205.0,232
2021-06-18 09:58:00+05:30,2205.0,2206.85009765625,2200.0,2200.0,248
2021-06-18 09:59:00+05:30,2200.0,2200.0,2190.5,2191.10009765625,217
2021-06-18 10:00:00+05:30,2195.949951171875,2195.949951171875,2191.10009765625,2191.10009765625,2
2021-06-18 10:01:00+05:30,2191.14990234375,2194.85009765625,2191.14990234375,2191.14990234375,55
2021-06-18 10:02:00+05:30,2191.25,2199.800048828125,2191.25,2199.800048828125,25
2021-06-18 10:03:00+05:30,2199.89990234375,2200.0,2199.89990234375,2200.0,45
2021-06-18 10:04:00+05:30,2200.050048828125,2200.050048828125,2199.5,2199.5,16
2021-06-18 10:05:00+05:30,2205.0,2205.0,2202.050048828125,2202.050048828125,129
2021-06-18 10:06:00+05:30,2200.85009765625,2200.85009765625,2200.0,2200.0,103
2021-06-18 10:07:00+05:30,2196.550048828125,2199.0,2196.300048828125,2196.300048828125,11
2021-06-18 10:08:00+05:30,2195.10009765625,2195.10009765625,2195.10009765625,2195.10009765625,43
2021-06-18 10:09:00+05:30,2195.10009765625,2196.050048828125,2195.10009765625,2196.050048828125,34
2021-06-18 10:11:00+05:30,2196.14990234375,2196.14990234375,2196.14990234375,2196.14990234375,1
2021-06-18 10:12:00+05:30,2196.14990234375,2199.449951171875,2196.14990234375,2199.449951171875,17
2021-06-18 10:13:00+05:30,2196.14990234375,2200.0,2196.14990234375,2200.0,49
2021-06-18 10:14:00+05:30,2197.199951171875,2204.39990234375,2197.199951171875,2203.35009765625,257
2021-06-18 10:15:00+05:30,2200.14990234375,2202.199951171875,2200.14990234375,2202.199951171875,5
2021-06-18 10:16:00+05:30,2200.050048828125,2200.050048828125,2200.0,2200.0,8
2021-06-18 10:17:00+05:30,2200.75,2200.75,2196.949951171875,2196.949951171875,27
2021-06-18 10:18:00+05:30,2199.39990234375,2199.39990234375,2197.949951171875,2197.949951171875,8
2021-06-18 10:19:00+05:30,2195.0,2195.0,2195.0,2195.0,36
2021-06-18 10:20:00+05:30,2193.050048828125,2193.10009765625,2193.050048828125,2193.10009765625,0
2021-06-18 10:21:00+05:30,2198.0,2198.0,2196.050048828125,2196.050048828125,53
2021-06-18 10:22:00+05:30,2197.949951171875,2197.949951171875,2197.949951171875,2197.949951171875,2
2021-06-18 10:23:00+05:30,2198.0,2198.0,2194.949951171875,2197.10009765625,93
2021-06-18 10:24:00+05:30,2196.5,2196.5,2193.050048828125,2194.5,3
2021-06-18 10:25:00+05:30,2194.5,2194.5,2191.14990234375,2191.14990234375,43
2021-06-18 10:26:00+05:30,2194.449951171875,2194.60009765625,2194.449951171875,2194.60009765625,5
2021-06-18 10:27:00+05:30,2195.0,2198.050048828125,2195.0,2198.050048828125,12
2021-06-18 10:28:00+05:30,2195.14990234375,2195.14990234375,2195.14990234375,2195.14990234375,0
2021-06-18 10:29:00+05:30,2195.10009765625,2195.14990234375,2195.10009765625,2195.14990234375,9
2021-06-18 10:30:00+05:30,2195.10009765625,2195.10009765625,2195.10009765625,2195.10009765625,22
2021-06-18 10:31:00+05:30,2191.199951171875,2191.199951171875,2191.199951171875,2191.199951171875,7
2021-06-18 10:32:00+05:30,2190.10009765625,2191.5,2188.14990234375,2188.14990234375,68
2021-06-18 10:33:00+05:30,2189.0,2189.0,2189.0,2189.0,5
2021-06-18 10:34:00+05:30,2193.300048828125,2193.300048828125,2188.85009765625,2188.85009765625,6
2021-06-18 10:35:00+05:30,2190.0,2193.35009765625,2190.0,2190.050048828125,22
2021-06-18 10:36:00+05:30,2190.199951171875,2190.199951171875,2190.199951171875,2190.199951171875,0
2021-06-18 10:37:00+05:30,2193.0,2193.0,2190.10009765625,2190.10009765625,1
2021-06-18 10:38:00+05:30,2192.199951171875,2192.199951171875,2188.85009765625,2188.85009765625,15
2021-06-18 10:39:00+05:30,2188.25,2191.050048828125,2188.0,2191.050048828125,69
2021-06-18 10:40:00+05:30,2187.050048828125,2187.050048828125,2187.0,2187.0,3
2021-06-18 10:42:00+05:30,2186.0,2189.050048828125,2186.0,2187.0,23
2021-06-18 10:43:00+05:30,2186.949951171875,2186.949951171875,2186.050048828125,2186.050048828125,8
2021-06-18 10:44:00+05:30,2186.050048828125,2186.050048828125,2186.050048828125,2186.050048828125,0
2021-06-18 10:45:00+05:30,2180.0,2184.10009765625,2177.050048828125,2180.0,546
2021-06-18 10:46:00+05:30,2179.449951171875,2179.949951171875,2175.199951171875,2179.949951171875,17
2021-06-18 10:47:00+05:30,2180.0,2180.0,2175.199951171875,2175.199951171875,11
2021-06-18 10:48:00+05:30,2178.35009765625,2178.35009765625,2175.199951171875,2175.199951171875,6
2021-06-18 10:49:00+05:30,2175.199951171875,2175.199951171875,2171.60009765625,2171.60009765625,64
2021-06-18 10:50:00+05:30,2170.60009765625,2170.60009765625,2170.5,2170.5,22
2021-06-18 10:51:00+05:30,2171.0,2180.0,2171.0,2180.0,172
2021-06-18 10:52:00+05:30,2182.050048828125,2185.5,2180.0,2185.5,143
2021-06-18 10:53:00+05:30,2185.75,2194.0,2185.75,2194.0,173
2021-06-18 10:54:00+05:30,2195.0,2195.0,2185.10009765625,2191.449951171875,288
2021-06-18 10:55:00+05:30,2187.75,2191.199951171875,2185.64990234375,2185.64990234375,13
2021-06-18 10:56:00+05:30,2189.300048828125,2189.300048828125,2189.300048828125,2189.300048828125,0
2021-06-18 10:57:00+05:30,2185.699951171875,2185.699951171875,2180.10009765625,2180.10009765625,16
2021-06-18 10:58:00+05:30,2174.550048828125,2183.35009765625,2174.550048828125,2180.25,252
2021-06-18 10:59:00+05:30,2182.0,2182.0,2171.25,2171.25,41
2021-06-18 11:00:00+05:30,2178.199951171875,2178.199951171875,2178.199951171875,2178.199951171875,22
2021-06-18 11:01:00+05:30,2183.800048828125,2183.800048828125,2175.199951171875,2178.699951171875,66
2021-06-18 11:02:00+05:30,2180.5,2180.5,2173.89990234375,2173.89990234375,24
2021-06-18 11:03:00+05:30,2175.0,2177.800048828125,2171.0,2171.0,391
2021-06-18 11:04:00+05:30,2176.25,2179.949951171875,2175.85009765625,2179.89990234375,21
2021-06-18 11:05:00+05:30,2179.89990234375,2179.89990234375,2173.449951171875,2173.449951171875,9
2021-06-18 11:06:00+05:30,2174.5,2179.89990234375,2174.5,2174.60009765625,5
2021-06-18 11:07:00+05:30,2174.550048828125,2181.0,2171.25,2171.25,113
2021-06-18 11:08:00+05:30,2178.949951171875,2179.949951171875,2174.449951171875,2179.89990234375,152
2021-06-18 11:10:00+05:30,2179.10009765625,2179.10009765625,2172.85009765625,2172.85009765625,62
2021-06-18 11:11:00+05:30,2177.0,2186.199951171875,2171.050048828125,2186.199951171875,328
2021-06-18 11:12:00+05:30,2173.75,2183.800048828125,2173.75,2175.25,72
2021-06-18 11:13:00+05:30,2176.75,2180.199951171875,2175.25,2179.949951171875,392
2021-06-18 11:14:00+05:30,2179.949951171875,2179.949951171875,2178.10009765625,2178.10009765625,92
2021-06-18 11:15:00+05:30,2178.10009765625,2178.10009765625,2171.35009765625,2171.35009765625,13
2021-06-18 11:17:00+05:30,2175.5,2179.949951171875,2175.5,2179.89990234375,15
2021-06-18 11:18:00+05:30,2179.89990234375,2182.300048828125,2179.89990234375,2182.300048828125,53
2021-06-18 11:19:00+05:30,2183.10009765625,2185.550048828125,2183.10009765625,2185.550048828125,7
2021-06-18 11:20:00+05:30,2180.0,2181.050048828125,2180.0,2181.050048828125,19
2021-06-18 11:22:00+05:30,2184.25,2184.5,2184.25,2184.5,7
2021-06-18 11:23:00+05:30,2185.35009765625,2185.35009765625,2182.14990234375,2182.14990234375,8
2021-06-18 11:24:00+05:30,2181.60009765625,2183.300048828125,2181.60009765625,2183.300048828125,11
2021-06-18 11:25:00+05:30,2185.0,2185.300048828125,2181.5,2181.5,31
2021-06-18 11:26:00+05:30,2184.10009765625,2184.60009765625,2184.10009765625,2184.60009765625,3
2021-06-18 11:27:00+05:30,2181.550048828125,2185.300048828125,2181.550048828125,2185.300048828125,2
2021-06-18 11:28:00+05:30,2182.89990234375,2185.300048828125,2182.89990234375,2185.300048828125,7
2021-06-18 11:29:00+05:30,2182.39990234375,2183.300048828125,2182.39990234375,2183.300048828125,4
2021-06-18 11:30:00+05:30,2182.39990234375,2185.300048828125,2182.39990234375,2182.449951171875,22
2021-06-18 11:32:00+05:30,2184.550048828125,2188.199951171875,2184.550048828125,2188.199951171875,317
2021-06-18 11:33:00+05:30,2189.550048828125,2192.699951171875,2187.0,2187.0,48
2021-06-18 11:34:00+05:30,2188.39990234375,2189.949951171875,2186.5,2189.60009765625,15
2021-06-18 11:35:00+05:30,2188.449951171875,2188.449951171875,2186.0,2186.0,5
2021-06-18 11:36:00+05:30,2185.89990234375,2189.449951171875,2185.550048828125,2189.449951171875,3
2021-06-18 11:37:00+05:30,2184.5,2193.5,2184.5,2193.5,141
2021-06-18 11:38:00+05:30,2193.0,2193.0,2189.550048828125,2189.550048828125,5
2021-06-18 11:39:00+05:30,2192.449951171875,2192.449951171875,2188.89990234375,2188.89990234375,15
2021-06-18 11:40:00+05:30,2188.89990234375,2192.5,2188.89990234375,2192.5,18
2021-06-18 11:41:00+05:30,2192.5,2192.5,2192.5,2192.5,7
2021-06-18 11:42:00+05:30,2193.0,2193.449951171875,2193.0,2193.449951171875,11
2021-06-18 11:43:00+05:30,2195.0,2196.0,2195.0,2196.0,44
2021-06-18 11:45:00+05:30,2188.89990234375,2195.050048828125,2188.89990234375,2195.050048828125,82
2021-06-18 11:46:00+05:30,2193.14990234375,2195.85009765625,2193.14990234375,2195.85009765625,5
2021-06-18 11:47:00+05:30,2195.89990234375,2195.89990234375,2195.89990234375,2195.89990234375,2
2021-06-18 11:48:00+05:30,2195.89990234375,2195.89990234375,2195.89990234375,2195.89990234375,59
2021-06-18 11:49:00+05:30,2193.14990234375,2193.14990234375,2190.0,2190.0,189
2021-06-18 11:50:00+05:30,2189.0,2189.0,2189.0,2189.0,0
2021-06-18 11:51:00+05:30,2188.85009765625,2188.85009765625,2188.85009765625,2188.85009765625,1
2021-06-18 11:52:00+05:30,2188.0,2188.0,2188.0,2188.0,0
2021-06-18 11:54:00+05:30,2191.550048828125,2191.550048828125,2188.60009765625,2189.050048828125,7
2021-06-18 11:55:00+05:30,2191.89990234375,2191.89990234375,2191.89990234375,2191.89990234375,2
2021-06-18 11:56:00+05:30,2190.300048828125,2193.550048828125,2190.300048828125,2190.300048828125,27
2021-06-18 11:57:00+05:30,2194.14990234375,2194.14990234375,2194.14990234375,2194.14990234375,22
2021-06-18 11:58:00+05:30,2195.550048828125,2195.550048828125,2195.550048828125,2195.550048828125,0
2021-06-18 11:59:00+05:30,2196.89990234375,2196.89990234375,2196.89990234375,2196.89990234375,3
2021-06-18 12:01:00+05:30,2196.35009765625,2196.64990234375,2196.35009765625,2196.64990234375,13
2021-06-18 12:02:00+05:30,2196.64990234375,2196.64990234375,2196.64990234375,2196.64990234375,0
2021-06-18 12:03:00+05:30,2192.699951171875,2192.699951171875,2192.699951171875,2192.699951171875,2
2021-06-18 12:04:00+05:30,2192.449951171875,2192.449951171875,2192.050048828125,2192.050048828125,9
2021-06-18 12:07:00+05:30,2191.89990234375,2191.89990234375,2191.85009765625,2191.85009765625,5
2021-06-18 12:08:00+05:30,2191.0,2191.0,2191.0,2191.0,3
2021-06-18 12:09:00+05:30,2190.699951171875,2190.699951171875,2190.699951171875,2190.699951171875,0
2021-06-18 12:10:00+05:30,2191.0,2191.0,2191.0,2191.0,4
2021-06-18 12:11:00+05:30,2191.0,2193.89990234375,2191.0,2193.89990234375,24
2021-06-18 12:12:00+05:30,2195.10009765625,2196.64990234375,2195.10009765625,2196.64990234375,13
2021-06-18 12:13:00+05:30,2196.949951171875,2196.949951171875,2196.949951171875,2196.949951171875,0
2021-06-18 12:14:00+05:30,2194.5,2194.5,2194.5,2194.5,4
2021-06-18 12:15:00+05:30,2194.5,2197.0,2194.5,2197.0,30
2021-06-18 12:16:00+05:30,2197.0,2197.0,2195.050048828125,2195.25,2
2021-06-18 12:17:00+05:30,2197.0,2197.0,2196.0,2196.0,6
2021-06-18 12:18:00+05:30,2197.0,2197.0,2195.25,2195.25,3
2021-06-18 12:19:00+05:30,2197.0,2197.0,2196.0,2196.0,7
2021-06-18 12:20:00+05:30,2197.0,2197.0,2197.0,2197.0,5
2021-06-18 12:21:00+05:30,2195.050048828125,2195.050048828125,2195.050048828125,2195.050048828125,3
2021-06-18 12:22:00+05:30,2195.0,2195.0,2195.0,2195.0,8
2021-06-18 12:23:00+05:30,2195.0,2195.0,2195.0,2195.0,6
2021-06-18 12:24:00+05:30,2197.75,2197.75,2197.75,2197.75,52
2021-06-18 12:25:00+05:30,2198.0,2198.0,2195.550048828125,2195.550048828125,18
2021-06-18 12:26:00+05:30,2198.699951171875,2198.699951171875,2198.699951171875,2198.699951171875,3
2021-06-18 12:27:00+05:30,2198.449951171875,2198.5,2195.64990234375,2198.5,4
2021-06-18 12:31:00+05:30,2195.60009765625,2195.60009765625,2195.60009765625,2195.60009765625,5
2021-06-18 12:32:00+05:30,2195.64990234375,2198.449951171875,2195.64990234375,2198.39990234375,14
2021-06-18 12:34:00+05:30,2195.64990234375,2195.64990234375,2195.64990234375,2195.64990234375,3
2021-06-18 12:36:00+05:30,2195.550048828125,2198.25,2195.0,2196.39990234375,134
2021-06-18 12:37:00+05:30,2198.25,2198.25,2198.25,2198.25,0
2021-06-18 12:38:00+05:30,2196.35009765625,2196.35009765625,2194.550048828125,2194.550048828125,3
2021-06-18 12:39:00+05:30,2194.5,2198.25,2194.5,2198.25,419
2021-06-18 12:40:00+05:30,2198.25,2198.25,2195.25,2195.25,24
2021-06-18 12:43:00+05:30,2195.39990234375,2195.39990234375,2195.39990234375,2195.39990234375,0
2021-06-18 12:45:00+05:30,2195.39990234375,2195.39990234375,2195.39990234375,2195.39990234375,1
2021-06-18 12:46:00+05:30,2195.25,2195.25,2194.60009765625,2194.60009765625,6
2021-06-18 12:47:00+05:30,2194.60009765625,2194.60009765625,2194.60009765625,2194.60009765625,3
2021-06-18 12:48:00+05:30,2194.64990234375,2194.64990234375,2194.64990234375,2194.64990234375,1
2021-06-18 12:49:00+05:30,2198.199951171875,2198.199951171875,2195.60009765625,2195.60009765625,1
2021-06-18 12:51:00+05:30,2194.699951171875,2194.699951171875,2194.699951171875,2194.699951171875,14
2021-06-18 12:52:00+05:30,2194.949951171875,2194.949951171875,2194.949951171875,2194.949951171875,0
2021-06-18 12:53:00+05:30,2195.199951171875,2195.199951171875,2194.949951171875,2194.949951171875,7
2021-06-18 12:54:00+05:30,2194.949951171875,2194.949951171875,2194.949951171875,2194.949951171875,0
2021-06-18 12:55:00+05:30,2195.0,2195.0,2194.949951171875,2194.949951171875,24
2021-06-18 12:57:00+05:30,2194.949951171875,2194.949951171875,2194.949951171875,2194.949951171875,3
2021-06-18 12:58:00+05:30,2194.85009765625,2194.85009765625,2194.85009765625,2194.85009765625,1
2021-06-18 13:01:00+05:30,2194.5,2194.5,2194.5,2194.5,23
2021-06-18 13:02:00+05:30,2194.5,2194.5,2194.5,2194.5,45
2021-06-18 13:04:00+05:30,2194.5,2194.5,2194.5,2194.5,0
2021-06-18 13:06:00+05:30,2194.5,2194.5,2194.5,2194.5,152
2021-06-18 13:07:00+05:30,2194.5,2194.5,2194.5,2194.5,0
2021-06-18 13:09:00+05:30,2194.5,2197.0,2194.5,2197.0,15
2021-06-18 13:10:00+05:30,2197.0,2197.0,2197.0,2197.0,0
2021-06-18 13:12:00+05:30,2195.300048828125,2195.300048828125,2195.300048828125,2195.300048828125,3
2021-06-18 13:13:00+05:30,2194.699951171875,2194.699951171875,2194.699951171875,2194.699951171875,1
2021-06-18 13:14:00+05:30,2194.5,2194.5,2194.5,2194.5,103
2021-06-18 13:15:00+05:30,2194.550048828125,2194.550048828125,2194.550048828125,2194.550048828125,0
2021-06-18 13:16:00+05:30,2197.0,2197.0,2195.5,2195.5,10
2021-06-18 13:17:00+05:30,2198.0,2198.0,2195.300048828125,2195.300048828125,3
2021-06-18 13:18:00+05:30,2197.949951171875,2197.949951171875,2197.949951171875,2197.949951171875,4
2021-06-18 13:19:00+05:30,2198.0,2198.0,2198.0,2198.0,1
2021-06-18 13:20:00+05:30,2197.949951171875,2197.949951171875,2197.949951171875,2197.949951171875,11
2021-06-18 13:22:00+05:30,2197.949951171875,2198.0,2197.949951171875,2198.0,3
2021-06-18 13:23:00+05:30,2198.300048828125,2206.0,2196.25,2206.0,189
2021-06-18 13:24:00+05:30,2205.949951171875,2205.949951171875,2202.0,2202.0,26
2021-06-18 13:25:00+05:30,2200.89990234375,2201.0,2200.89990234375,2201.0,14
2021-06-18 13:26:00+05:30,2203.699951171875,2203.699951171875,2203.699951171875,2203.699951171875,0
2021-06-18 13:27:00+05:30,2203.550048828125,2203.550048828125,2203.550048828125,2203.550048828125,7
2021-06-18 13:28:00+05:30,2196.949951171875,2199.699951171875,2196.949951171875,2199.699951171875,154
2021-06-18 13:29:00+05:30,2199.85009765625,2199.85009765625,2197.10009765625,2197.10009765625,16
2021-06-18 13:33:00+05:30,2197.0,2197.0,2197.0,2197.0,0
2021-06-18 13:36:00+05:30,2200.60009765625,2200.60009765625,2200.60009765625,2200.60009765625,2
2021-06-18 13:37:00+05:30,2197.199951171875,2197.199951171875,2197.199951171875,2197.199951171875,2
2021-06-18 13:38:00+05:30,2202.5,2202.5,2200.449951171875,2200.449951171875,4
2021-06-18 13:39:00+05:30,2198.800048828125,2198.800048828125,2198.800048828125,2198.800048828125,0
2021-06-18 13:40:00+05:30,2198.75,2198.75,2198.75,2198.75,4
2021-06-18 13:41:00+05:30,2198.60009765625,2198.60009765625,2198.60009765625,2198.60009765625,0
2021-06-18 13:42:00+05:30,2197.89990234375,2197.89990234375,2197.89990234375,2197.89990234375,2
2021-06-18 13:45:00+05:30,2198.0,2198.0,2198.0,2198.0,36
2021-06-18 13:46:00+05:30,2198.050048828125,2203.75,2198.050048828125,2203.75,14
2021-06-18 13:50:00+05:30,2204.85009765625,2204.85009765625,2204.85009765625,2204.85009765625,1
2021-06-18 13:52:00+05:30,2201.699951171875,2201.699951171875,2201.699951171875,2201.699951171875,2
2021-06-18 13:53:00+05:30,2201.0,2201.0,2201.0,2201.0,2
2021-06-18 13:54:00+05:30,2202.949951171875,2202.949951171875,2202.949951171875,2202.949951171875,2
2021-06-18 13:55:00+05:30,2201.0,2203.64990234375,2200.25,2203.64990234375,5
2021-06-18 13:57:00+05:30,2200.949951171875,2200.949951171875,2200.949951171875,2200.949951171875,5
2021-06-18 13:58:00+05:30,2200.949951171875,2200.949951171875,2200.949951171875,2200.949951171875,0
2021-06-18 14:00:00+05:30,2203.14990234375,2203.14990234375,2201.0,2201.0,4
2021-06-18 14:01:00+05:30,2201.0,2203.300048828125,2201.0,2202.449951171875,4
2021-06-18 14:02:00+05:30,2202.449951171875,2202.449951171875,2202.449951171875,2202.449951171875,8
2021-06-18 14:03:00+05:30,2204.75,2204.75,2202.449951171875,2202.449951171875,3
2021-06-18 14:04:00+05:30,2204.949951171875,2206.5,2204.949951171875,2206.5,89
2021-06-18 14:05:00+05:30,2204.300048828125,2209.550048828125,2204.300048828125,2209.550048828125,105
2021-06-18 14:06:00+05:30,2209.5,2209.5,2205.300048828125,2205.300048828125,20
2021-06-18 14:07:00+05:30,2202.0,2202.0,2202.0,2202.0,2
2021-06-18 14:09:00+05:30,2201.85009765625,2201.85009765625,2201.85009765625,2201.85009765625,1
2021-06-18 14:10:00+05:30,2204.300048828125,2204.300048828125,2201.5,2201.5,4
2021-06-18 14:13:00+05:30,2201.5,2201.5,2201.5,2201.5,1
2021-06-18 14:15:00+05:30,2201.5,2201.5,2201.300048828125,2201.300048828125,3
2021-06-18 14:16:00+05:30,2201.199951171875,2201.199951171875,2201.199951171875,2201.199951171875,2
2021-06-18 14:17:00+05:30,2201.199951171875,2201.199951171875,2201.199951171875,2201.199951171875,4
2021-06-18 14:18:00+05:30,2201.199951171875,2201.199951171875,2201.199951171875,2201.199951171875,0
2021-06-18 14:20:00+05:30,2204.050048828125,2204.050048828125,2204.050048828125,2204.050048828125,2
2021-06-18 14:22:00+05:30,2204.0,2204.050048828125,2204.0,2204.050048828125,3
2021-06-18 14:24:00+05:30,2205.89990234375,2205.89990234375,2205.89990234375,2205.89990234375,2
2021-06-18 14:25:00+05:30,2208.449951171875,2208.449951171875,2204.89990234375,2204.89990234375,26
2021-06-18 14:26:00+05:30,2206.0,2206.0,2204.85009765625,2204.85009765625,6
2021-06-18 14:27:00+05:30,2210.0,2210.0,2205.85009765625,2205.85009765625,119
2021-06-18 14:28:00+05:30,2205.39990234375,2209.300048828125,2205.25,2207.300048828125,10
2021-06-18 14:29:00+05:30,2206.550048828125,2207.14990234375,2206.5,2206.5,21
2021-06-18 14:30:00+05:30,2206.550048828125,2206.550048828125,2206.5,2206.5,17
2021-06-18 14:31:00+05:30,2206.5,2206.5,2206.5,2206.5,0
2021-06-18 14:35:00+05:30,2205.699951171875,2205.699951171875,2205.699951171875,2205.699951171875,23
2021-06-18 14:36:00+05:30,2208.14990234375,2208.14990234375,2208.14990234375,2208.14990234375,5
2021-06-18 14:37:00+05:30,2205.800048828125,2205.800048828125,2205.800048828125,2205.800048828125,4
2021-06-18 14:38:00+05:30,2209.0,2209.0,2209.0,2209.0,11
2021-06-18 14:39:00+05:30,2205.89990234375,2207.25,2205.800048828125,2207.25,32
2021-06-18 14:41:00+05:30,2204.050048828125,2204.050048828125,2204.050048828125,2204.050048828125,11
2021-06-18 14:42:00+05:30,2205.75,2205.75,2205.75,2205.75,5
2021-06-18 14:44:00+05:30,2205.699951171875,2227.14990234375,2205.699951171875,2222.89990234375,905
2021-06-18 14:45:00+05:30,2219.25,2219.25,2217.64990234375,2217.64990234375,21
2021-06-18 14:46:00+05:30,2217.75,2217.75,2217.75,2217.75,4
2021-06-18 14:47:00+05:30,2221.949951171875,2221.949951171875,2221.949951171875,2221.949951171875,4
2021-06-18 14:48:00+05:30,2213.64990234375,2220.0,2211.25,2220.0,279
2021-06-18 14:49:00+05:30,2221.0,2221.0,2221.0,2221.0,5
2021-06-18 14:50:00+05:30,2218.550048828125,2223.0,2218.550048828125,2218.949951171875,24
2021-06-18 14:51:00+05:30,2217.85009765625,2217.85009765625,2215.949951171875,2215.949951171875,7
2021-06-18 14:52:00+05:30,2218.550048828125,2218.550048828125,2218.550048828125,2218.550048828125,0
2021-06-18 14:53:00+05:30,2215.89990234375,2215.89990234375,2215.89990234375,2215.89990234375,6
2021-06-18 14:55:00+05:30,2215.60009765625,2215.60009765625,2215.60009765625,2215.60009765625,3
2021-06-18 14:56:00+05:30,2214.449951171875,2214.449951171875,2211.0,2211.0,50
2021-06-18 14:58:00+05:30,2220.0,2220.0,2212.39990234375,2212.39990234375,18
2021-06-18 14:59:00+05:30,2213.199951171875,2213.199951171875,2213.199951171875,2213.199951171875,1
2021-06-18 15:00:00+05:30,2213.199951171875,2214.64990234375,2212.550048828125,2214.64990234375,3
2021-06-18 15:01:00+05:30,2211.0,2211.0,2209.14990234375,2209.14990234375,25
2021-06-18 15:02:00+05:30,2210.25,2210.25,2205.550048828125,2205.550048828125,2
2021-06-18 15:03:00+05:30,2205.89990234375,2207.050048828125,2205.89990234375,2207.050048828125,40
2021-06-18 15:04:00+05:30,2206.449951171875,2206.449951171875,2205.14990234375,2205.14990234375,58
2021-06-18 15:08:00+05:30,2208.0,2209.60009765625,2208.0,2209.60009765625,21
2021-06-18 15:09:00+05:30,2209.449951171875,2209.449951171875,2209.449951171875,2209.449951171875,1
2021-06-18 15:10:00+05:30,2209.64990234375,2209.64990234375,2208.050048828125,2208.050048828125,48
2021-06-18 15:11:00+05:30,2209.699951171875,2212.25,2209.699951171875,2212.25,0
2021-06-18 15:12:00+05:30,2209.64990234375,2211.449951171875,2209.64990234375,2210.949951171875,34
2021-06-18 15:13:00+05:30,2208.0,2208.0,2208.0,2208.0,27
2021-06-18 15:14:00+05:30,2210.0,2210.0,2208.050048828125,2208.050048828125,53
2021-06-18 15:15:00+05:30,2208.050048828125,2210.0,2208.050048828125,2208.5,39
2021-06-18 15:16:00+05:30,2208.0,2210.0,2208.0,2210.0,183
2021-06-18 15:17:00+05:30,2212.35009765625,2216.35009765625,2212.35009765625,2216.35009765625,0
2021-06-18 15:18:00+05:30,2215.0,2217.449951171875,2212.050048828125,2212.050048828125,62
2021-06-18 15:19:00+05:30,2216.60009765625,2216.60009765625,2212.85009765625,2215.800048828125,24
2021-06-18 15:20:00+05:30,2215.10009765625,2224.0,2215.10009765625,2224.0,49
2021-06-18 15:21:00+05:30,2223.199951171875,2223.199951171875,2218.60009765625,2218.75,80
2021-06-18 15:22:00+05:30,2218.800048828125,2226.64990234375,2218.800048828125,2219.949951171875,119
2021-06-18 15:23:00+05:30,2219.949951171875,2219.949951171875,2219.0,2219.949951171875,37
2021-06-18 15:24:00+05:30,2217.699951171875,2217.699951171875,2217.699951171875,2217.699951171875,1
2021-06-18 15:25:00+05:30,2217.949951171875,2217.949951171875,2217.949951171875,2217.949951171875,13
2021-06-18 15:26:00+05:30,2218.64990234375,2219.89990234375,2218.64990234375,2219.89990234375,18
2021-06-18 15:27:00+05:30,2219.89990234375,2234.800048828125,2217.60009765625,2230.949951171875,543
2021-06-18 15:28:00+05:30,2229.0,2230.0,2229.0,2230.0,35
2021-06-18 15:29:00+05:30,2230.0,2230.0,2223.75,2223.75,178
